studentId,firstName,lastName,email,password,phone,role,needWheelchairAccessibleRoom,studentGroupId
std-0001,Hana,Haile,hana.haile1@example.com,password123,555-0001,STUDENT,False,sgp-sec-01
std-0002,Daniel,Abebe,daniel.abebe2@example.com,password123,555-0002,STUDENT,False,sgp-sec-01
std-0003,Rahel,Kebede,rahel.kebede3@example.com,password123,555-0003,STUDENT,False,sgp-sec-01
std-0004,Eden,Tadesse,eden.tadesse4@example.com,password123,555-0004,STUDENT,False,sgp-sec-01
std-0005,Elias,Desta,elias.desta5@example.com,password123,555-0005,STUDENT,False,sgp-sec-01
std-0006,Noah,Desta,noah.desta6@example.com,password123,555-0006,STUDENT,False,sgp-sec-01
std-0007,Girma,Bekele,girma.bekele7@example.com,password123,555-0007,STUDENT,False,sgp-sec-01
std-0008,Jemal,Wolde,jemal.wolde8@example.com,password123,555-0008,STUDENT,False,sgp-sec-01
std-0009,Hana,Gebre,hana.gebre9@example.com,password123,555-0009,STUDENT,False,sgp-sec-01
std-0010,Jemal,Desta,jemal.desta10@example.com,password123,555-0010,STUDENT,False,sgp-sec-01
std-0011,Chala,Nigussie,chala.nigussie11@example.com,password123,555-0011,STUDENT,False,sgp-sec-01
std-0012,Samuel,Gebre,samuel.gebre12@example.com,password123,555-0012,STUDENT,False,sgp-sec-01
std-0013,Girma,Tadesse,girma.tadesse13@example.com,password123,555-0013,STUDENT,False,sgp-sec-01
std-0014,Biniam,Nigussie,biniam.nigussie14@example.com,password123,555-0014,STUDENT,False,sgp-sec-01
std-0015,Chala,Tesfaye,chala.tesfaye15@example.com,password123,555-0015,STUDENT,False,sgp-sec-01
std-0016,Zewde,Kebede,zewde.kebede16@example.com,password123,555-0016,STUDENT,False,sgp-sec-01
std-0017,Noah,Lemma,noah.lemma17@example.com,password123,555-0017,STUDENT,False,sgp-sec-01
std-0018,Lia,Tesfaye,lia.tesfaye18@example.com,password123,555-0018,STUDENT,False,sgp-sec-01
std-0019,Zewde,Mekonnen,zewde.mekonnen19@example.com,password123,555-0019,STUDENT,False,sgp-sec-01
std-0020,Rahel,Wolde,rahel.wolde20@example.com,password123,555-0020,STUDENT,False,sgp-sec-01
std-0021,Samuel,Assefa,samuel.assefa21@example.com,password123,555-0021,STUDENT,False,sgp-sec-01
std-0022,Hana,Wolde,hana.wolde22@example.com,password123,555-0022,STUDENT,False,sgp-sec-01
std-0023,Paul,Tadesse,paul.tadesse23@example.com,password123,555-0023,STUDENT,False,sgp-sec-01
std-0024,Kaleb,Tesfaye,kaleb.tesfaye24@example.com,password123,555-0024,STUDENT,False,sgp-sec-01
std-0025,Eden,Abebe,eden.abebe25@example.com,password123,555-0025,STUDENT,False,sgp-sec-01
std-0026,Samuel,Tadesse,samuel.tadesse26@example.com,password123,555-0026,STUDENT,False,sgp-sec-01
std-0027,Berhanu,Berhanu,berhanu.berhanu27@example.com,password123,555-0027,STUDENT,False,sgp-sec-01
std-0028,Chala,Desta,chala.desta28@example.com,password123,555-0028,STUDENT,False,sgp-sec-01
std-0029,Samuel,Tesfaye,samuel.tesfaye29@example.com,password123,555-0029,STUDENT,False,sgp-sec-01
std-0030,Chala,Girma,chala.girma30@example.com,password123,555-0030,STUDENT,False,sgp-sec-01
std-0031,Eden,Desta,eden.desta31@example.com,password123,555-0031,STUDENT,False,sgp-sec-01
std-0032,Rahel,Kebede,rahel.kebede32@example.com,password123,555-0032,STUDENT,False,sgp-sec-01
std-0033,Jemal,Nigussie,jemal.nigussie33@example.com,password123,555-0033,STUDENT,False,sgp-sec-01
std-0034,Hana,Tesfaye,hana.tesfaye34@example.com,password123,555-0034,STUDENT,False,sgp-sec-01
std-0035,Abel,Kebede,abel.kebede35@example.com,password123,555-0035,STUDENT,False,sgp-sec-01
std-0036,Chala,Berhanu,chala.berhanu36@example.com,password123,555-0036,STUDENT,False,sgp-sec-01
std-0037,Biniam,Nigussie,biniam.nigussie37@example.com,password123,555-0037,STUDENT,False,sgp-sec-01
std-0038,Abel,Tadesse,abel.tadesse38@example.com,password123,555-0038,STUDENT,False,sgp-sec-01
std-0039,Isaac,Gebre,isaac.gebre39@example.com,password123,555-0039,STUDENT,False,sgp-sec-01
std-0040,Samuel,Wolde,samuel.wolde40@example.com,password123,555-0040,STUDENT,False,sgp-sec-01
std-0041,Tigist,Tadesse,tigist.tadesse41@example.com,password123,555-0041,STUDENT,False,sgp-sec-01
std-0042,Eden,Gebre,eden.gebre42@example.com,password123,555-0042,STUDENT,False,sgp-sec-01
std-0043,Daniel,Girma,daniel.girma43@example.com,password123,555-0043,STUDENT,False,sgp-sec-01
std-0044,Olivia,Desta,olivia.desta44@example.com,password123,555-0044,STUDENT,False,sgp-sec-01
std-0045,Isaac,Bekele,isaac.bekele45@example.com,password123,555-0045,STUDENT,False,sgp-sec-01
std-0046,Jemal,Abebe,jemal.abebe46@example.com,password123,555-0046,STUDENT,False,sgp-sec-01
std-0047,Jemal,Desta,jemal.desta47@example.com,password123,555-0047,STUDENT,False,sgp-sec-01
std-0048,Berhanu,Tesfaye,berhanu.tesfaye48@example.com,password123,555-0048,STUDENT,False,sgp-sec-01
std-0049,Paul,Wolde,paul.wolde49@example.com,password123,555-0049,STUDENT,False,sgp-sec-01
std-0050,Tigist,Tadesse,tigist.tadesse50@example.com,password123,555-0050,STUDENT,False,sgp-sec-01
std-0051,Noah,Assefa,noah.assefa51@example.com,password123,555-0051,STUDENT,False,sgp-sec-02
std-0052,Firaol,Kebede,firaol.kebede52@example.com,password123,555-0052,STUDENT,False,sgp-sec-02
std-0053,Dawit,Mekonnen,dawit.mekonnen53@example.com,password123,555-0053,STUDENT,False,sgp-sec-02
std-0054,Abeba,Tadesse,abeba.tadesse54@example.com,password123,555-0054,STUDENT,False,sgp-sec-02
std-0055,Kaleb,Tadesse,kaleb.tadesse55@example.com,password123,555-0055,STUDENT,False,sgp-sec-02
std-0056,Jemal,Wolde,jemal.wolde56@example.com,password123,555-0056,STUDENT,False,sgp-sec-02
std-0057,Mekdes,Nigussie,mekdes.nigussie57@example.com,password123,555-0057,STUDENT,False,sgp-sec-02
std-0058,Yonas,Lemma,yonas.lemma58@example.com,password123,555-0058,STUDENT,False,sgp-sec-02
std-0059,Samuel,Assefa,samuel.assefa59@example.com,password123,555-0059,STUDENT,False,sgp-sec-02
std-0060,Zewde,Gebre,zewde.gebre60@example.com,password123,555-0060,STUDENT,False,sgp-sec-02
std-0061,Isaac,Mekonnen,isaac.mekonnen61@example.com,password123,555-0061,STUDENT,False,sgp-sec-02
std-0062,Olivia,Haile,olivia.haile62@example.com,password123,555-0062,STUDENT,False,sgp-sec-02
std-0063,Biniam,Kebede,biniam.kebede63@example.com,password123,555-0063,STUDENT,False,sgp-sec-02
std-0064,Firaol,Nigussie,firaol.nigussie64@example.com,password123,555-0064,STUDENT,False,sgp-sec-02
std-0065,Zewde,Girma,zewde.girma65@example.com,password123,555-0065,STUDENT,False,sgp-sec-02
std-0066,Biniam,Kebede,biniam.kebede66@example.com,password123,555-0066,STUDENT,False,sgp-sec-02
std-0067,Abeba,Wolde,abeba.wolde67@example.com,password123,555-0067,STUDENT,False,sgp-sec-02
std-0068,Samuel,Mekonnen,samuel.mekonnen68@example.com,password123,555-0068,STUDENT,False,sgp-sec-02
std-0069,Dawit,Wolde,dawit.wolde69@example.com,password123,555-0069,STUDENT,False,sgp-sec-02
std-0070,Hana,Haile,hana.haile70@example.com,password123,555-0070,STUDENT,False,sgp-sec-02
std-0071,Abeba,Wolde,abeba.wolde71@example.com,password123,555-0071,STUDENT,False,sgp-sec-02
std-0072,Abeba,Gebre,abeba.gebre72@example.com,password123,555-0072,STUDENT,False,sgp-sec-02
std-0073,Chala,Girma,chala.girma73@example.com,password123,555-0073,STUDENT,False,sgp-sec-02
std-0074,Jemal,Abebe,jemal.abebe74@example.com,password123,555-0074,STUDENT,False,sgp-sec-02
std-0075,Olivia,Girma,olivia.girma75@example.com,password123,555-0075,STUDENT,False,sgp-sec-02
std-0076,Yonas,Lemma,yonas.lemma76@example.com,password123,555-0076,STUDENT,False,sgp-sec-02
std-0077,Biniam,Wolde,biniam.wolde77@example.com,password123,555-0077,STUDENT,False,sgp-sec-02
std-0078,Paul,Lemma,paul.lemma78@example.com,password123,555-0078,STUDENT,False,sgp-sec-02
std-0079,Noah,Wolde,noah.wolde79@example.com,password123,555-0079,STUDENT,False,sgp-sec-02
std-0080,Daniel,Tesfaye,daniel.tesfaye80@example.com,password123,555-0080,STUDENT,False,sgp-sec-02
std-0081,Abeba,Lemma,abeba.lemma81@example.com,password123,555-0081,STUDENT,False,sgp-sec-02
std-0082,Yonas,Mekonnen,yonas.mekonnen82@example.com,password123,555-0082,STUDENT,False,sgp-sec-02
std-0083,Olivia,Berhanu,olivia.berhanu83@example.com,password123,555-0083,STUDENT,False,sgp-sec-02
std-0084,Paul,Desta,paul.desta84@example.com,password123,555-0084,STUDENT,False,sgp-sec-02
std-0085,Chala,Tesfaye,chala.tesfaye85@example.com,password123,555-0085,STUDENT,False,sgp-sec-02
std-0086,Girma,Berhanu,girma.berhanu86@example.com,password123,555-0086,STUDENT,False,sgp-sec-02
std-0087,Kaleb,Assefa,kaleb.assefa87@example.com,password123,555-0087,STUDENT,False,sgp-sec-02
std-0088,Elias,Berhanu,elias.berhanu88@example.com,password123,555-0088,STUDENT,False,sgp-sec-02
std-0089,Elias,Abebe,elias.abebe89@example.com,password123,555-0089,STUDENT,False,sgp-sec-02
std-0090,Firaol,Mekonnen,firaol.mekonnen90@example.com,password123,555-0090,STUDENT,False,sgp-sec-02
std-0091,Biniam,Tadesse,biniam.tadesse91@example.com,password123,555-0091,STUDENT,False,sgp-sec-02
std-0092,Paul,Mekonnen,paul.mekonnen92@example.com,password123,555-0092,STUDENT,False,sgp-sec-02
std-0093,Girma,Wolde,girma.wolde93@example.com,password123,555-0093,STUDENT,False,sgp-sec-02
std-0094,Isaac,Berhanu,isaac.berhanu94@example.com,password123,555-0094,STUDENT,False,sgp-sec-02
std-0095,Girma,Kebede,girma.kebede95@example.com,password123,555-0095,STUDENT,False,sgp-sec-02
std-0096,Zewde,Bekele,zewde.bekele96@example.com,password123,555-0096,STUDENT,False,sgp-sec-02
std-0097,Paul,Bekele,paul.bekele97@example.com,password123,555-0097,STUDENT,False,sgp-sec-02
std-0098,Paul,Wolde,paul.wolde98@example.com,password123,555-0098,STUDENT,False,sgp-sec-02
std-0099,Hana,Tadesse,hana.tadesse99@example.com,password123,555-0099,STUDENT,False,sgp-sec-02
std-0100,Yonas,Desta,yonas.desta100@example.com,password123,555-0100,STUDENT,False,sgp-sec-02
std-0101,Zewde,Berhanu,zewde.berhanu101@example.com,password123,555-0101,STUDENT,True,sgp-sec-03
std-0102,Dawit,Lemma,dawit.lemma102@example.com,password123,555-0102,STUDENT,True,sgp-sec-03
std-0103,Firaol,Assefa,firaol.assefa103@example.com,password123,555-0103,STUDENT,True,sgp-sec-03
std-0104,Kaleb,Mekonnen,kaleb.mekonnen104@example.com,password123,555-0104,STUDENT,True,sgp-sec-03
std-0105,Abeba,Kebede,abeba.kebede105@example.com,password123,555-0105,STUDENT,True,sgp-sec-03
std-0106,Eden,Nigussie,eden.nigussie106@example.com,password123,555-0106,STUDENT,True,sgp-sec-03
std-0107,Yonas,Desta,yonas.desta107@example.com,password123,555-0107,STUDENT,True,sgp-sec-03
std-0108,Dawit,Wolde,dawit.wolde108@example.com,password123,555-0108,STUDENT,True,sgp-sec-03
std-0109,Jemal,Gebre,jemal.gebre109@example.com,password123,555-0109,STUDENT,True,sgp-sec-03
std-0110,Isaac,Mekonnen,isaac.mekonnen110@example.com,password123,555-0110,STUDENT,True,sgp-sec-03
std-0111,Samuel,Girma,samuel.girma111@example.com,password123,555-0111,STUDENT,True,sgp-sec-03
std-0112,Biniam,Gebre,biniam.gebre112@example.com,password123,555-0112,STUDENT,True,sgp-sec-03
std-0113,Yonas,Tadesse,yonas.tadesse113@example.com,password123,555-0113,STUDENT,True,sgp-sec-03
std-0114,Girma,Girma,girma.girma114@example.com,password123,555-0114,STUDENT,True,sgp-sec-03
std-0115,Berhanu,Haile,berhanu.haile115@example.com,password123,555-0115,STUDENT,True,sgp-sec-03
std-0116,Abeba,Tadesse,abeba.tadesse116@example.com,password123,555-0116,STUDENT,True,sgp-sec-03
std-0117,Firaol,Nigussie,firaol.nigussie117@example.com,password123,555-0117,STUDENT,True,sgp-sec-03
std-0118,Eden,Kebede,eden.kebede118@example.com,password123,555-0118,STUDENT,True,sgp-sec-03
std-0119,Abel,Wolde,abel.wolde119@example.com,password123,555-0119,STUDENT,True,sgp-sec-03
std-0120,Dawit,Tesfaye,dawit.tesfaye120@example.com,password123,555-0120,STUDENT,True,sgp-sec-03
std-0121,Biniam,Assefa,biniam.assefa121@example.com,password123,555-0121,STUDENT,True,sgp-sec-03
std-0122,Paul,Gebre,paul.gebre122@example.com,password123,555-0122,STUDENT,True,sgp-sec-03
std-0123,Firaol,Tadesse,firaol.tadesse123@example.com,password123,555-0123,STUDENT,True,sgp-sec-03
std-0124,Biniam,Haile,biniam.haile124@example.com,password123,555-0124,STUDENT,True,sgp-sec-03
std-0125,Chala,Tesfaye,chala.tesfaye125@example.com,password123,555-0125,STUDENT,True,sgp-sec-03
std-0126,Elias,Haile,elias.haile126@example.com,password123,555-0126,STUDENT,True,sgp-sec-03
std-0127,Mekdes,Tadesse,mekdes.tadesse127@example.com,password123,555-0127,STUDENT,True,sgp-sec-03
std-0128,Tigist,Kebede,tigist.kebede128@example.com,password123,555-0128,STUDENT,True,sgp-sec-03
std-0129,Jemal,Kebede,jemal.kebede129@example.com,password123,555-0129,STUDENT,True,sgp-sec-03
std-0130,Dawit,Bekele,dawit.bekele130@example.com,password123,555-0130,STUDENT,True,sgp-sec-03
std-0131,Zewde,Kebede,zewde.kebede131@example.com,password123,555-0131,STUDENT,True,sgp-sec-03
std-0132,Abeba,Wolde,abeba.wolde132@example.com,password123,555-0132,STUDENT,True,sgp-sec-03
std-0133,Dawit,Desta,dawit.desta133@example.com,password123,555-0133,STUDENT,True,sgp-sec-03
std-0134,Firaol,Berhanu,firaol.berhanu134@example.com,password123,555-0134,STUDENT,True,sgp-sec-03
std-0135,Paul,Bekele,paul.bekele135@example.com,password123,555-0135,STUDENT,True,sgp-sec-03
std-0136,Chala,Tesfaye,chala.tesfaye136@example.com,password123,555-0136,STUDENT,True,sgp-sec-03
std-0137,Hana,Bekele,hana.bekele137@example.com,password123,555-0137,STUDENT,True,sgp-sec-03
std-0138,Zewde,Berhanu,zewde.berhanu138@example.com,password123,555-0138,STUDENT,True,sgp-sec-03
std-0139,Daniel,Assefa,daniel.assefa139@example.com,password123,555-0139,STUDENT,True,sgp-sec-03
std-0140,Eden,Desta,eden.desta140@example.com,password123,555-0140,STUDENT,True,sgp-sec-03
std-0141,Girma,Lemma,girma.lemma141@example.com,password123,555-0141,STUDENT,True,sgp-sec-03
std-0142,Tigist,Kebede,tigist.kebede142@example.com,password123,555-0142,STUDENT,True,sgp-sec-03
std-0143,Girma,Kebede,girma.kebede143@example.com,password123,555-0143,STUDENT,True,sgp-sec-03
std-0144,Dawit,Assefa,dawit.assefa144@example.com,password123,555-0144,STUDENT,True,sgp-sec-03
std-0145,Lia,Haile,lia.haile145@example.com,password123,555-0145,STUDENT,True,sgp-sec-03
std-0146,Noah,Wolde,noah.wolde146@example.com,password123,555-0146,STUDENT,True,sgp-sec-03
std-0147,Noah,Abebe,noah.abebe147@example.com,password123,555-0147,STUDENT,True,sgp-sec-03
std-0148,Yonas,Tadesse,yonas.tadesse148@example.com,password123,555-0148,STUDENT,True,sgp-sec-03
std-0149,Firaol,Tadesse,firaol.tadesse149@example.com,password123,555-0149,STUDENT,True,sgp-sec-03
std-0150,Jemal,Tadesse,jemal.tadesse150@example.com,password123,555-0150,STUDENT,True,sgp-sec-03
std-0151,Daniel,Berhanu,daniel.berhanu151@example.com,password123,555-0151,STUDENT,False,sgp-sec-04
std-0152,Yonas,Wolde,yonas.wolde152@example.com,password123,555-0152,STUDENT,False,sgp-sec-04
std-0153,Mekdes,Berhanu,mekdes.berhanu153@example.com,password123,555-0153,STUDENT,False,sgp-sec-04
std-0154,Hana,Desta,hana.desta154@example.com,password123,555-0154,STUDENT,False,sgp-sec-04
std-0155,Yonas,Haile,yonas.haile155@example.com,password123,555-0155,STUDENT,False,sgp-sec-04
std-0156,Yonas,Haile,yonas.haile156@example.com,password123,555-0156,STUDENT,False,sgp-sec-04
std-0157,Dawit,Bekele,dawit.bekele157@example.com,password123,555-0157,STUDENT,False,sgp-sec-04
std-0158,Olivia,Assefa,olivia.assefa158@example.com,password123,555-0158,STUDENT,False,sgp-sec-04
std-0159,Berhanu,Gebre,berhanu.gebre159@example.com,password123,555-0159,STUDENT,False,sgp-sec-04
std-0160,Yonas,Assefa,yonas.assefa160@example.com,password123,555-0160,STUDENT,False,sgp-sec-04
std-0161,Zewde,Assefa,zewde.assefa161@example.com,password123,555-0161,STUDENT,False,sgp-sec-04
std-0162,Girma,Gebre,girma.gebre162@example.com,password123,555-0162,STUDENT,False,sgp-sec-04
std-0163,Paul,Assefa,paul.assefa163@example.com,password123,555-0163,STUDENT,False,sgp-sec-04
std-0164,Lia,Nigussie,lia.nigussie164@example.com,password123,555-0164,STUDENT,False,sgp-sec-04
std-0165,Hana,Desta,hana.desta165@example.com,password123,555-0165,STUDENT,False,sgp-sec-04
std-0166,Isaac,Mekonnen,isaac.mekonnen166@example.com,password123,555-0166,STUDENT,False,sgp-sec-04
std-0167,Elias,Berhanu,elias.berhanu167@example.com,password123,555-0167,STUDENT,False,sgp-sec-04
std-0168,Abeba,Lemma,abeba.lemma168@example.com,password123,555-0168,STUDENT,False,sgp-sec-04
std-0169,Zewde,Girma,zewde.girma169@example.com,password123,555-0169,STUDENT,False,sgp-sec-04
std-0170,Paul,Tadesse,paul.tadesse170@example.com,password123,555-0170,STUDENT,False,sgp-sec-04
std-0171,Samuel,Mekonnen,samuel.mekonnen171@example.com,password123,555-0171,STUDENT,False,sgp-sec-04
std-0172,Kaleb,Desta,kaleb.desta172@example.com,password123,555-0172,STUDENT,False,sgp-sec-04
std-0173,Isaac,Berhanu,isaac.berhanu173@example.com,password123,555-0173,STUDENT,False,sgp-sec-04
std-0174,Firaol,Tesfaye,firaol.tesfaye174@example.com,password123,555-0174,STUDENT,False,sgp-sec-04
std-0175,Kaleb,Abebe,kaleb.abebe175@example.com,password123,555-0175,STUDENT,False,sgp-sec-04
std-0176,Mekdes,Tadesse,mekdes.tadesse176@example.com,password123,555-0176,STUDENT,False,sgp-sec-04
std-0177,Eden,Mekonnen,eden.mekonnen177@example.com,password123,555-0177,STUDENT,False,sgp-sec-04
std-0178,Girma,Girma,girma.girma178@example.com,password123,555-0178,STUDENT,False,sgp-sec-04
std-0179,Isaac,Bekele,isaac.bekele179@example.com,password123,555-0179,STUDENT,False,sgp-sec-04
std-0180,Dawit,Tadesse,dawit.tadesse180@example.com,password123,555-0180,STUDENT,False,sgp-sec-04
std-0181,Isaac,Berhanu,isaac.berhanu181@example.com,password123,555-0181,STUDENT,False,sgp-sec-04
std-0182,Firaol,Haile,firaol.haile182@example.com,password123,555-0182,STUDENT,False,sgp-sec-04
std-0183,Dawit,Wolde,dawit.wolde183@example.com,password123,555-0183,STUDENT,False,sgp-sec-04
std-0184,Mekdes,Kebede,mekdes.kebede184@example.com,password123,555-0184,STUDENT,False,sgp-sec-04
std-0185,Berhanu,Lemma,berhanu.lemma185@example.com,password123,555-0185,STUDENT,False,sgp-sec-04
std-0186,Girma,Bekele,girma.bekele186@example.com,password123,555-0186,STUDENT,False,sgp-sec-04
std-0187,Paul,Desta,paul.desta187@example.com,password123,555-0187,STUDENT,False,sgp-sec-04
std-0188,Biniam,Lemma,biniam.lemma188@example.com,password123,555-0188,STUDENT,False,sgp-sec-04
std-0189,Kaleb,Wolde,kaleb.wolde189@example.com,password123,555-0189,STUDENT,False,sgp-sec-04
std-0190,Chala,Haile,chala.haile190@example.com,password123,555-0190,STUDENT,False,sgp-sec-04
std-0191,Rahel,Desta,rahel.desta191@example.com,password123,555-0191,STUDENT,False,sgp-sec-04
std-0192,Berhanu,Desta,berhanu.desta192@example.com,password123,555-0192,STUDENT,False,sgp-sec-04
std-0193,Firaol,Berhanu,firaol.berhanu193@example.com,password123,555-0193,STUDENT,False,sgp-sec-04
std-0194,Daniel,Desta,daniel.desta194@example.com,password123,555-0194,STUDENT,False,sgp-sec-04
std-0195,Abeba,Abebe,abeba.abebe195@example.com,password123,555-0195,STUDENT,False,sgp-sec-04
std-0196,Zewde,Gebre,zewde.gebre196@example.com,password123,555-0196,STUDENT,False,sgp-sec-04
std-0197,Biniam,Tadesse,biniam.tadesse197@example.com,password123,555-0197,STUDENT,False,sgp-sec-04
std-0198,Rahel,Berhanu,rahel.berhanu198@example.com,password123,555-0198,STUDENT,False,sgp-sec-04
std-0199,Biniam,Desta,biniam.desta199@example.com,password123,555-0199,STUDENT,False,sgp-sec-04
std-0200,Firaol,Gebre,firaol.gebre200@example.com,password123,555-0200,STUDENT,False,sgp-sec-04
std-0201,Olivia,Tadesse,olivia.tadesse201@example.com,password123,555-0201,STUDENT,False,sgp-sec-05
std-0202,Zewde,Wolde,zewde.wolde202@example.com,password123,555-0202,STUDENT,False,sgp-sec-05
std-0203,Chala,Kebede,chala.kebede203@example.com,password123,555-0203,STUDENT,False,sgp-sec-05
std-0204,Mekdes,Mekonnen,mekdes.mekonnen204@example.com,password123,555-0204,STUDENT,False,sgp-sec-05
std-0205,Berhanu,Desta,berhanu.desta205@example.com,password123,555-0205,STUDENT,False,sgp-sec-05
std-0206,Elias,Girma,elias.girma206@example.com,password123,555-0206,STUDENT,False,sgp-sec-05
std-0207,Noah,Assefa,noah.assefa207@example.com,password123,555-0207,STUDENT,False,sgp-sec-05
std-0208,Chala,Wolde,chala.wolde208@example.com,password123,555-0208,STUDENT,False,sgp-sec-05
std-0209,Zewde,Gebre,zewde.gebre209@example.com,password123,555-0209,STUDENT,False,sgp-sec-05
std-0210,Eden,Assefa,eden.assefa210@example.com,password123,555-0210,STUDENT,False,sgp-sec-05
std-0211,Jemal,Wolde,jemal.wolde211@example.com,password123,555-0211,STUDENT,False,sgp-sec-05
std-0212,Biniam,Bekele,biniam.bekele212@example.com,password123,555-0212,STUDENT,False,sgp-sec-05
std-0213,Elias,Abebe,elias.abebe213@example.com,password123,555-0213,STUDENT,False,sgp-sec-05
std-0214,Berhanu,Gebre,berhanu.gebre214@example.com,password123,555-0214,STUDENT,False,sgp-sec-05
std-0215,Mekdes,Girma,mekdes.girma215@example.com,password123,555-0215,STUDENT,False,sgp-sec-05
std-0216,Abeba,Girma,abeba.girma216@example.com,password123,555-0216,STUDENT,False,sgp-sec-05
std-0217,Eden,Kebede,eden.kebede217@example.com,password123,555-0217,STUDENT,False,sgp-sec-05
std-0218,Jemal,Mekonnen,jemal.mekonnen218@example.com,password123,555-0218,STUDENT,False,sgp-sec-05
std-0219,Elias,Lemma,elias.lemma219@example.com,password123,555-0219,STUDENT,False,sgp-sec-05
std-0220,Noah,Tesfaye,noah.tesfaye220@example.com,password123,555-0220,STUDENT,False,sgp-sec-05
std-0221,Chala,Desta,chala.desta221@example.com,password123,555-0221,STUDENT,False,sgp-sec-05
std-0222,Olivia,Tesfaye,olivia.tesfaye222@example.com,password123,555-0222,STUDENT,False,sgp-sec-05
std-0223,Lia,Abebe,lia.abebe223@example.com,password123,555-0223,STUDENT,False,sgp-sec-05
std-0224,Biniam,Berhanu,biniam.berhanu224@example.com,password123,555-0224,STUDENT,False,sgp-sec-05
std-0225,Jemal,Girma,jemal.girma225@example.com,password123,555-0225,STUDENT,False,sgp-sec-05
std-0226,Eden,Assefa,eden.assefa226@example.com,password123,555-0226,STUDENT,False,sgp-sec-05
std-0227,Samuel,Girma,samuel.girma227@example.com,password123,555-0227,STUDENT,False,sgp-sec-05
std-0228,Samuel,Tesfaye,samuel.tesfaye228@example.com,password123,555-0228,STUDENT,False,sgp-sec-05
std-0229,Eden,Tadesse,eden.tadesse229@example.com,password123,555-0229,STUDENT,False,sgp-sec-05
std-0230,Tigist,Desta,tigist.desta230@example.com,password123,555-0230,STUDENT,False,sgp-sec-05
std-0231,Firaol,Haile,firaol.haile231@example.com,password123,555-0231,STUDENT,False,sgp-sec-05
std-0232,Elias,Kebede,elias.kebede232@example.com,password123,555-0232,STUDENT,False,sgp-sec-05
std-0233,Chala,Mekonnen,chala.mekonnen233@example.com,password123,555-0233,STUDENT,False,sgp-sec-05
std-0234,Dawit,Wolde,dawit.wolde234@example.com,password123,555-0234,STUDENT,False,sgp-sec-05
std-0235,Abeba,Bekele,abeba.bekele235@example.com,password123,555-0235,STUDENT,False,sgp-sec-05
std-0236,Daniel,Lemma,daniel.lemma236@example.com,password123,555-0236,STUDENT,False,sgp-sec-05
std-0237,Hana,Abebe,hana.abebe237@example.com,password123,555-0237,STUDENT,False,sgp-sec-05
std-0238,Dawit,Mekonnen,dawit.mekonnen238@example.com,password123,555-0238,STUDENT,False,sgp-sec-05
std-0239,Abel,Desta,abel.desta239@example.com,password123,555-0239,STUDENT,False,sgp-sec-05
std-0240,Rahel,Lemma,rahel.lemma240@example.com,password123,555-0240,STUDENT,False,sgp-sec-05
std-0241,Abel,Wolde,abel.wolde241@example.com,password123,555-0241,STUDENT,False,sgp-sec-05
std-0242,Jemal,Tadesse,jemal.tadesse242@example.com,password123,555-0242,STUDENT,False,sgp-sec-05
std-0243,Abeba,Wolde,abeba.wolde243@example.com,password123,555-0243,STUDENT,False,sgp-sec-05
std-0244,Berhanu,Kebede,berhanu.kebede244@example.com,password123,555-0244,STUDENT,False,sgp-sec-05
std-0245,Zewde,Tadesse,zewde.tadesse245@example.com,password123,555-0245,STUDENT,False,sgp-sec-05
std-0246,Samuel,Wolde,samuel.wolde246@example.com,password123,555-0246,STUDENT,False,sgp-sec-05
std-0247,Isaac,Kebede,isaac.kebede247@example.com,password123,555-0247,STUDENT,False,sgp-sec-05
std-0248,Lia,Mekonnen,lia.mekonnen248@example.com,password123,555-0248,STUDENT,False,sgp-sec-05
std-0249,Eden,Haile,eden.haile249@example.com,password123,555-0249,STUDENT,False,sgp-sec-05
std-0250,Paul,Girma,paul.girma250@example.com,password123,555-0250,STUDENT,False,sgp-sec-05
std-0251,Firaol,Tesfaye,firaol.tesfaye251@example.com,password123,555-0251,STUDENT,False,sgp-sec-06
std-0252,Girma,Bekele,girma.bekele252@example.com,password123,555-0252,STUDENT,False,sgp-sec-06
std-0253,Berhanu,Tesfaye,berhanu.tesfaye253@example.com,password123,555-0253,STUDENT,False,sgp-sec-06
std-0254,Paul,Bekele,paul.bekele254@example.com,password123,555-0254,STUDENT,False,sgp-sec-06
std-0255,Abeba,Assefa,abeba.assefa255@example.com,password123,555-0255,STUDENT,False,sgp-sec-06
std-0256,Biniam,Bekele,biniam.bekele256@example.com,password123,555-0256,STUDENT,False,sgp-sec-06
std-0257,Yonas,Kebede,yonas.kebede257@example.com,password123,555-0257,STUDENT,False,sgp-sec-06
std-0258,Mekdes,Berhanu,mekdes.berhanu258@example.com,password123,555-0258,STUDENT,False,sgp-sec-06
std-0259,Abel,Berhanu,abel.berhanu259@example.com,password123,555-0259,STUDENT,False,sgp-sec-06
std-0260,Daniel,Tadesse,daniel.tadesse260@example.com,password123,555-0260,STUDENT,False,sgp-sec-06
std-0261,Tigist,Lemma,tigist.lemma261@example.com,password123,555-0261,STUDENT,False,sgp-sec-06
std-0262,Lia,Haile,lia.haile262@example.com,password123,555-0262,STUDENT,False,sgp-sec-06
std-0263,Chala,Berhanu,chala.berhanu263@example.com,password123,555-0263,STUDENT,False,sgp-sec-06
std-0264,Tigist,Mekonnen,tigist.mekonnen264@example.com,password123,555-0264,STUDENT,False,sgp-sec-06
std-0265,Isaac,Tadesse,isaac.tadesse265@example.com,password123,555-0265,STUDENT,False,sgp-sec-06
std-0266,Chala,Wolde,chala.wolde266@example.com,password123,555-0266,STUDENT,False,sgp-sec-06
std-0267,Yonas,Gebre,yonas.gebre267@example.com,password123,555-0267,STUDENT,False,sgp-sec-06
std-0268,Elias,Assefa,elias.assefa268@example.com,password123,555-0268,STUDENT,False,sgp-sec-06
std-0269,Daniel,Bekele,daniel.bekele269@example.com,password123,555-0269,STUDENT,False,sgp-sec-06
std-0270,Firaol,Wolde,firaol.wolde270@example.com,password123,555-0270,STUDENT,False,sgp-sec-06
std-0271,Olivia,Haile,olivia.haile271@example.com,password123,555-0271,STUDENT,False,sgp-sec-06
std-0272,Kaleb,Assefa,kaleb.assefa272@example.com,password123,555-0272,STUDENT,False,sgp-sec-06
std-0273,Elias,Berhanu,elias.berhanu273@example.com,password123,555-0273,STUDENT,False,sgp-sec-06
std-0274,Dawit,Nigussie,dawit.nigussie274@example.com,password123,555-0274,STUDENT,False,sgp-sec-06
std-0275,Girma,Kebede,girma.kebede275@example.com,password123,555-0275,STUDENT,False,sgp-sec-06
std-0276,Jemal,Gebre,jemal.gebre276@example.com,password123,555-0276,STUDENT,False,sgp-sec-06
std-0277,Abel,Lemma,abel.lemma277@example.com,password123,555-0277,STUDENT,False,sgp-sec-06
std-0278,Mekdes,Mekonnen,mekdes.mekonnen278@example.com,password123,555-0278,STUDENT,False,sgp-sec-06
std-0279,Chala,Bekele,chala.bekele279@example.com,password123,555-0279,STUDENT,False,sgp-sec-06
std-0280,Lia,Lemma,lia.lemma280@example.com,password123,555-0280,STUDENT,False,sgp-sec-06
std-0281,Firaol,Gebre,firaol.gebre281@example.com,password123,555-0281,STUDENT,False,sgp-sec-06
std-0282,Yonas,Nigussie,yonas.nigussie282@example.com,password123,555-0282,STUDENT,False,sgp-sec-06
std-0283,Abel,Kebede,abel.kebede283@example.com,password123,555-0283,STUDENT,False,sgp-sec-06
std-0284,Daniel,Bekele,daniel.bekele284@example.com,password123,555-0284,STUDENT,False,sgp-sec-06
std-0285,Rahel,Mekonnen,rahel.mekonnen285@example.com,password123,555-0285,STUDENT,False,sgp-sec-06
std-0286,Zewde,Assefa,zewde.assefa286@example.com,password123,555-0286,STUDENT,False,sgp-sec-06
std-0287,Kaleb,Girma,kaleb.girma287@example.com,password123,555-0287,STUDENT,False,sgp-sec-06
std-0288,Chala,Tesfaye,chala.tesfaye288@example.com,password123,555-0288,STUDENT,False,sgp-sec-06
std-0289,Abeba,Desta,abeba.desta289@example.com,password123,555-0289,STUDENT,False,sgp-sec-06
std-0290,Daniel,Tadesse,daniel.tadesse290@example.com,password123,555-0290,STUDENT,False,sgp-sec-06
std-0291,Eden,Haile,eden.haile291@example.com,password123,555-0291,STUDENT,False,sgp-sec-06
std-0292,Yonas,Assefa,yonas.assefa292@example.com,password123,555-0292,STUDENT,False,sgp-sec-06
std-0293,Chala,Kebede,chala.kebede293@example.com,password123,555-0293,STUDENT,False,sgp-sec-06
std-0294,Paul,Tadesse,paul.tadesse294@example.com,password123,555-0294,STUDENT,False,sgp-sec-06
std-0295,Isaac,Tesfaye,isaac.tesfaye295@example.com,password123,555-0295,STUDENT,False,sgp-sec-06
std-0296,Tigist,Wolde,tigist.wolde296@example.com,password123,555-0296,STUDENT,False,sgp-sec-06
std-0297,Olivia,Desta,olivia.desta297@example.com,password123,555-0297,STUDENT,False,sgp-sec-06
std-0298,Eden,Gebre,eden.gebre298@example.com,password123,555-0298,STUDENT,False,sgp-sec-06
std-0299,Elias,Abebe,elias.abebe299@example.com,password123,555-0299,STUDENT,False,sgp-sec-06
std-0300,Zewde,Tesfaye,zewde.tesfaye300@example.com,password123,555-0300,STUDENT,False,sgp-sec-06
std-0301,Dawit,Nigussie,dawit.nigussie301@example.com,password123,555-0301,STUDENT,True,sgp-sec-07
std-0302,Hana,Abebe,hana.abebe302@example.com,password123,555-0302,STUDENT,True,sgp-sec-07
std-0303,Jemal,Bekele,jemal.bekele303@example.com,password123,555-0303,STUDENT,True,sgp-sec-07
std-0304,Zewde,Nigussie,zewde.nigussie304@example.com,password123,555-0304,STUDENT,True,sgp-sec-07
std-0305,Berhanu,Haile,berhanu.haile305@example.com,password123,555-0305,STUDENT,True,sgp-sec-07
std-0306,Biniam,Abebe,biniam.abebe306@example.com,password123,555-0306,STUDENT,True,sgp-sec-07
std-0307,Mekdes,Haile,mekdes.haile307@example.com,password123,555-0307,STUDENT,True,sgp-sec-07
std-0308,Zewde,Mekonnen,zewde.mekonnen308@example.com,password123,555-0308,STUDENT,True,sgp-sec-07
std-0309,Kaleb,Girma,kaleb.girma309@example.com,password123,555-0309,STUDENT,True,sgp-sec-07
std-0310,Olivia,Haile,olivia.haile310@example.com,password123,555-0310,STUDENT,True,sgp-sec-07
std-0311,Olivia,Kebede,olivia.kebede311@example.com,password123,555-0311,STUDENT,True,sgp-sec-07
std-0312,Daniel,Wolde,daniel.wolde312@example.com,password123,555-0312,STUDENT,True,sgp-sec-07
std-0313,Noah,Tadesse,noah.tadesse313@example.com,password123,555-0313,STUDENT,True,sgp-sec-07
std-0314,Dawit,Gebre,dawit.gebre314@example.com,password123,555-0314,STUDENT,True,sgp-sec-07
std-0315,Abel,Girma,abel.girma315@example.com,password123,555-0315,STUDENT,True,sgp-sec-07
std-0316,Biniam,Gebre,biniam.gebre316@example.com,password123,555-0316,STUDENT,True,sgp-sec-07
std-0317,Zewde,Nigussie,zewde.nigussie317@example.com,password123,555-0317,STUDENT,True,sgp-sec-07
std-0318,Lia,Desta,lia.desta318@example.com,password123,555-0318,STUDENT,True,sgp-sec-07
std-0319,Daniel,Assefa,daniel.assefa319@example.com,password123,555-0319,STUDENT,True,sgp-sec-07
std-0320,Paul,Haile,paul.haile320@example.com,password123,555-0320,STUDENT,True,sgp-sec-07
std-0321,Jemal,Bekele,jemal.bekele321@example.com,password123,555-0321,STUDENT,True,sgp-sec-07
std-0322,Paul,Kebede,paul.kebede322@example.com,password123,555-0322,STUDENT,True,sgp-sec-07
std-0323,Biniam,Gebre,biniam.gebre323@example.com,password123,555-0323,STUDENT,True,sgp-sec-07
std-0324,Daniel,Girma,daniel.girma324@example.com,password123,555-0324,STUDENT,True,sgp-sec-07
std-0325,Jemal,Abebe,jemal.abebe325@example.com,password123,555-0325,STUDENT,True,sgp-sec-07
std-0326,Noah,Tesfaye,noah.tesfaye326@example.com,password123,555-0326,STUDENT,True,sgp-sec-07
std-0327,Elias,Abebe,elias.abebe327@example.com,password123,555-0327,STUDENT,True,sgp-sec-07
std-0328,Firaol,Nigussie,firaol.nigussie328@example.com,password123,555-0328,STUDENT,True,sgp-sec-07
std-0329,Olivia,Desta,olivia.desta329@example.com,password123,555-0329,STUDENT,True,sgp-sec-07
std-0330,Elias,Tesfaye,elias.tesfaye330@example.com,password123,555-0330,STUDENT,True,sgp-sec-07
std-0331,Yonas,Kebede,yonas.kebede331@example.com,password123,555-0331,STUDENT,True,sgp-sec-07
std-0332,Hana,Girma,hana.girma332@example.com,password123,555-0332,STUDENT,True,sgp-sec-07
std-0333,Hana,Girma,hana.girma333@example.com,password123,555-0333,STUDENT,True,sgp-sec-07
std-0334,Lia,Lemma,lia.lemma334@example.com,password123,555-0334,STUDENT,True,sgp-sec-07
std-0335,Isaac,Berhanu,isaac.berhanu335@example.com,password123,555-0335,STUDENT,True,sgp-sec-07
std-0336,Zewde,Desta,zewde.desta336@example.com,password123,555-0336,STUDENT,True,sgp-sec-07
std-0337,Isaac,Gebre,isaac.gebre337@example.com,password123,555-0337,STUDENT,True,sgp-sec-07
std-0338,Isaac,Nigussie,isaac.nigussie338@example.com,password123,555-0338,STUDENT,True,sgp-sec-07
std-0339,Berhanu,Nigussie,berhanu.nigussie339@example.com,password123,555-0339,STUDENT,True,sgp-sec-07
std-0340,Firaol,Mekonnen,firaol.mekonnen340@example.com,password123,555-0340,STUDENT,True,sgp-sec-07
std-0341,Olivia,Tadesse,olivia.tadesse341@example.com,password123,555-0341,STUDENT,True,sgp-sec-07
std-0342,Yonas,Berhanu,yonas.berhanu342@example.com,password123,555-0342,STUDENT,True,sgp-sec-07
std-0343,Isaac,Gebre,isaac.gebre343@example.com,password123,555-0343,STUDENT,True,sgp-sec-07
std-0344,Chala,Tesfaye,chala.tesfaye344@example.com,password123,555-0344,STUDENT,True,sgp-sec-07
std-0345,Biniam,Berhanu,biniam.berhanu345@example.com,password123,555-0345,STUDENT,True,sgp-sec-07
std-0346,Firaol,Bekele,firaol.bekele346@example.com,password123,555-0346,STUDENT,True,sgp-sec-07
std-0347,Elias,Gebre,elias.gebre347@example.com,password123,555-0347,STUDENT,True,sgp-sec-07
std-0348,Girma,Nigussie,girma.nigussie348@example.com,password123,555-0348,STUDENT,True,sgp-sec-07
std-0349,Abeba,Girma,abeba.girma349@example.com,password123,555-0349,STUDENT,True,sgp-sec-07
std-0350,Elias,Berhanu,elias.berhanu350@example.com,password123,555-0350,STUDENT,True,sgp-sec-07
std-0351,Berhanu,Berhanu,berhanu.berhanu351@example.com,password123,555-0351,STUDENT,False,sgp-sec-08
std-0352,Daniel,Abebe,daniel.abebe352@example.com,password123,555-0352,STUDENT,False,sgp-sec-08
std-0353,Olivia,Wolde,olivia.wolde353@example.com,password123,555-0353,STUDENT,False,sgp-sec-08
std-0354,Hana,Desta,hana.desta354@example.com,password123,555-0354,STUDENT,False,sgp-sec-08
std-0355,Hana,Wolde,hana.wolde355@example.com,password123,555-0355,STUDENT,False,sgp-sec-08
std-0356,Chala,Nigussie,chala.nigussie356@example.com,password123,555-0356,STUDENT,False,sgp-sec-08
std-0357,Noah,Abebe,noah.abebe357@example.com,password123,555-0357,STUDENT,False,sgp-sec-08
std-0358,Hana,Tadesse,hana.tadesse358@example.com,password123,555-0358,STUDENT,False,sgp-sec-08
std-0359,Tigist,Desta,tigist.desta359@example.com,password123,555-0359,STUDENT,False,sgp-sec-08
std-0360,Jemal,Tadesse,jemal.tadesse360@example.com,password123,555-0360,STUDENT,False,sgp-sec-08
std-0361,Kaleb,Bekele,kaleb.bekele361@example.com,password123,555-0361,STUDENT,False,sgp-sec-08
std-0362,Daniel,Wolde,daniel.wolde362@example.com,password123,555-0362,STUDENT,False,sgp-sec-08
std-0363,Berhanu,Gebre,berhanu.gebre363@example.com,password123,555-0363,STUDENT,False,sgp-sec-08
std-0364,Daniel,Tesfaye,daniel.tesfaye364@example.com,password123,555-0364,STUDENT,False,sgp-sec-08
std-0365,Olivia,Bekele,olivia.bekele365@example.com,password123,555-0365,STUDENT,False,sgp-sec-08
std-0366,Rahel,Lemma,rahel.lemma366@example.com,password123,555-0366,STUDENT,False,sgp-sec-08
std-0367,Lia,Assefa,lia.assefa367@example.com,password123,555-0367,STUDENT,False,sgp-sec-08
std-0368,Mekdes,Wolde,mekdes.wolde368@example.com,password123,555-0368,STUDENT,False,sgp-sec-08
std-0369,Daniel,Tesfaye,daniel.tesfaye369@example.com,password123,555-0369,STUDENT,False,sgp-sec-08
std-0370,Isaac,Tesfaye,isaac.tesfaye370@example.com,password123,555-0370,STUDENT,False,sgp-sec-08
std-0371,Firaol,Tesfaye,firaol.tesfaye371@example.com,password123,555-0371,STUDENT,False,sgp-sec-08
std-0372,Isaac,Mekonnen,isaac.mekonnen372@example.com,password123,555-0372,STUDENT,False,sgp-sec-08
std-0373,Jemal,Wolde,jemal.wolde373@example.com,password123,555-0373,STUDENT,False,sgp-sec-08
std-0374,Hana,Girma,hana.girma374@example.com,password123,555-0374,STUDENT,False,sgp-sec-08
std-0375,Jemal,Kebede,jemal.kebede375@example.com,password123,555-0375,STUDENT,False,sgp-sec-08
std-0376,Chala,Tesfaye,chala.tesfaye376@example.com,password123,555-0376,STUDENT,False,sgp-sec-08
std-0377,Mekdes,Nigussie,mekdes.nigussie377@example.com,password123,555-0377,STUDENT,False,sgp-sec-08
std-0378,Noah,Berhanu,noah.berhanu378@example.com,password123,555-0378,STUDENT,False,sgp-sec-08
std-0379,Chala,Assefa,chala.assefa379@example.com,password123,555-0379,STUDENT,False,sgp-sec-08
std-0380,Paul,Haile,paul.haile380@example.com,password123,555-0380,STUDENT,False,sgp-sec-08
std-0381,Kaleb,Mekonnen,kaleb.mekonnen381@example.com,password123,555-0381,STUDENT,False,sgp-sec-08
std-0382,Rahel,Lemma,rahel.lemma382@example.com,password123,555-0382,STUDENT,False,sgp-sec-08
std-0383,Olivia,Abebe,olivia.abebe383@example.com,password123,555-0383,STUDENT,False,sgp-sec-08
std-0384,Samuel,Berhanu,samuel.berhanu384@example.com,password123,555-0384,STUDENT,False,sgp-sec-08
std-0385,Mekdes,Bekele,mekdes.bekele385@example.com,password123,555-0385,STUDENT,False,sgp-sec-08
std-0386,Yonas,Mekonnen,yonas.mekonnen386@example.com,password123,555-0386,STUDENT,False,sgp-sec-08
std-0387,Abeba,Assefa,abeba.assefa387@example.com,password123,555-0387,STUDENT,False,sgp-sec-08
std-0388,Abeba,Haile,abeba.haile388@example.com,password123,555-0388,STUDENT,False,sgp-sec-08
std-0389,Firaol,Girma,firaol.girma389@example.com,password123,555-0389,STUDENT,False,sgp-sec-08
std-0390,Jemal,Berhanu,jemal.berhanu390@example.com,password123,555-0390,STUDENT,False,sgp-sec-08
std-0391,Dawit,Kebede,dawit.kebede391@example.com,password123,555-0391,STUDENT,False,sgp-sec-08
std-0392,Jemal,Lemma,jemal.lemma392@example.com,password123,555-0392,STUDENT,False,sgp-sec-08
std-0393,Biniam,Desta,biniam.desta393@example.com,password123,555-0393,STUDENT,False,sgp-sec-08
std-0394,Abel,Abebe,abel.abebe394@example.com,password123,555-0394,STUDENT,False,sgp-sec-08
std-0395,Mekdes,Desta,mekdes.desta395@example.com,password123,555-0395,STUDENT,False,sgp-sec-08
std-0396,Jemal,Mekonnen,jemal.mekonnen396@example.com,password123,555-0396,STUDENT,False,sgp-sec-08
std-0397,Jemal,Assefa,jemal.assefa397@example.com,password123,555-0397,STUDENT,False,sgp-sec-08
std-0398,Eden,Gebre,eden.gebre398@example.com,password123,555-0398,STUDENT,False,sgp-sec-08
std-0399,Zewde,Tadesse,zewde.tadesse399@example.com,password123,555-0399,STUDENT,False,sgp-sec-08
std-0400,Isaac,Desta,isaac.desta400@example.com,password123,555-0400,STUDENT,False,sgp-sec-08
std-0401,Abeba,Berhanu,abeba.berhanu401@example.com,password123,555-0401,STUDENT,False,sgp-sec-09
std-0402,Isaac,Nigussie,isaac.nigussie402@example.com,password123,555-0402,STUDENT,False,sgp-sec-09
std-0403,Olivia,Bekele,olivia.bekele403@example.com,password123,555-0403,STUDENT,False,sgp-sec-09
std-0404,Daniel,Lemma,daniel.lemma404@example.com,password123,555-0404,STUDENT,False,sgp-sec-09
std-0405,Noah,Abebe,noah.abebe405@example.com,password123,555-0405,STUDENT,False,sgp-sec-09
std-0406,Chala,Lemma,chala.lemma406@example.com,password123,555-0406,STUDENT,False,sgp-sec-09
std-0407,Isaac,Girma,isaac.girma407@example.com,password123,555-0407,STUDENT,False,sgp-sec-09
std-0408,Biniam,Bekele,biniam.bekele408@example.com,password123,555-0408,STUDENT,False,sgp-sec-09
std-0409,Mekdes,Assefa,mekdes.assefa409@example.com,password123,555-0409,STUDENT,False,sgp-sec-09
std-0410,Kaleb,Gebre,kaleb.gebre410@example.com,password123,555-0410,STUDENT,False,sgp-sec-09
std-0411,Rahel,Tadesse,rahel.tadesse411@example.com,password123,555-0411,STUDENT,False,sgp-sec-09
std-0412,Zewde,Abebe,zewde.abebe412@example.com,password123,555-0412,STUDENT,False,sgp-sec-09
std-0413,Elias,Assefa,elias.assefa413@example.com,password123,555-0413,STUDENT,False,sgp-sec-09
std-0414,Chala,Bekele,chala.bekele414@example.com,password123,555-0414,STUDENT,False,sgp-sec-09
std-0415,Lia,Girma,lia.girma415@example.com,password123,555-0415,STUDENT,False,sgp-sec-09
std-0416,Kaleb,Bekele,kaleb.bekele416@example.com,password123,555-0416,STUDENT,False,sgp-sec-09
std-0417,Hana,Abebe,hana.abebe417@example.com,password123,555-0417,STUDENT,False,sgp-sec-09
std-0418,Abeba,Abebe,abeba.abebe418@example.com,password123,555-0418,STUDENT,False,sgp-sec-09
std-0419,Biniam,Haile,biniam.haile419@example.com,password123,555-0419,STUDENT,False,sgp-sec-09
std-0420,Mekdes,Abebe,mekdes.abebe420@example.com,password123,555-0420,STUDENT,False,sgp-sec-09
std-0421,Eden,Wolde,eden.wolde421@example.com,password123,555-0421,STUDENT,False,sgp-sec-09
std-0422,Rahel,Desta,rahel.desta422@example.com,password123,555-0422,STUDENT,False,sgp-sec-09
std-0423,Yonas,Bekele,yonas.bekele423@example.com,password123,555-0423,STUDENT,False,sgp-sec-09
std-0424,Lia,Nigussie,lia.nigussie424@example.com,password123,555-0424,STUDENT,False,sgp-sec-09
std-0425,Yonas,Gebre,yonas.gebre425@example.com,password123,555-0425,STUDENT,False,sgp-sec-09
std-0426,Chala,Berhanu,chala.berhanu426@example.com,password123,555-0426,STUDENT,False,sgp-sec-09
std-0427,Mekdes,Wolde,mekdes.wolde427@example.com,password123,555-0427,STUDENT,False,sgp-sec-09
std-0428,Biniam,Girma,biniam.girma428@example.com,password123,555-0428,STUDENT,False,sgp-sec-09
std-0429,Abel,Berhanu,abel.berhanu429@example.com,password123,555-0429,STUDENT,False,sgp-sec-09
std-0430,Dawit,Girma,dawit.girma430@example.com,password123,555-0430,STUDENT,False,sgp-sec-09
std-0431,Samuel,Berhanu,samuel.berhanu431@example.com,password123,555-0431,STUDENT,False,sgp-sec-09
std-0432,Yonas,Tesfaye,yonas.tesfaye432@example.com,password123,555-0432,STUDENT,False,sgp-sec-09
std-0433,Daniel,Tesfaye,daniel.tesfaye433@example.com,password123,555-0433,STUDENT,False,sgp-sec-09
std-0434,Rahel,Kebede,rahel.kebede434@example.com,password123,555-0434,STUDENT,False,sgp-sec-09
std-0435,Abel,Assefa,abel.assefa435@example.com,password123,555-0435,STUDENT,False,sgp-sec-09
std-0436,Olivia,Desta,olivia.desta436@example.com,password123,555-0436,STUDENT,False,sgp-sec-09
std-0437,Dawit,Nigussie,dawit.nigussie437@example.com,password123,555-0437,STUDENT,False,sgp-sec-09
std-0438,Mekdes,Assefa,mekdes.assefa438@example.com,password123,555-0438,STUDENT,False,sgp-sec-09
std-0439,Mekdes,Bekele,mekdes.bekele439@example.com,password123,555-0439,STUDENT,False,sgp-sec-09
std-0440,Biniam,Assefa,biniam.assefa440@example.com,password123,555-0440,STUDENT,False,sgp-sec-09
std-0441,Paul,Tadesse,paul.tadesse441@example.com,password123,555-0441,STUDENT,False,sgp-sec-09
std-0442,Dawit,Bekele,dawit.bekele442@example.com,password123,555-0442,STUDENT,False,sgp-sec-09
std-0443,Olivia,Gebre,olivia.gebre443@example.com,password123,555-0443,STUDENT,False,sgp-sec-09
std-0444,Isaac,Tadesse,isaac.tadesse444@example.com,password123,555-0444,STUDENT,False,sgp-sec-09
std-0445,Berhanu,Lemma,berhanu.lemma445@example.com,password123,555-0445,STUDENT,False,sgp-sec-09
std-0446,Chala,Wolde,chala.wolde446@example.com,password123,555-0446,STUDENT,False,sgp-sec-09
std-0447,Chala,Tesfaye,chala.tesfaye447@example.com,password123,555-0447,STUDENT,False,sgp-sec-09
std-0448,Isaac,Desta,isaac.desta448@example.com,password123,555-0448,STUDENT,False,sgp-sec-09
std-0449,Rahel,Abebe,rahel.abebe449@example.com,password123,555-0449,STUDENT,False,sgp-sec-09
std-0450,Paul,Gebre,paul.gebre450@example.com,password123,555-0450,STUDENT,False,sgp-sec-09
std-0451,Firaol,Desta,firaol.desta451@example.com,password123,555-0451,STUDENT,False,sgp-sec-10
std-0452,Yonas,Tesfaye,yonas.tesfaye452@example.com,password123,555-0452,STUDENT,False,sgp-sec-10
std-0453,Hana,Assefa,hana.assefa453@example.com,password123,555-0453,STUDENT,False,sgp-sec-10
std-0454,Hana,Assefa,hana.assefa454@example.com,password123,555-0454,STUDENT,False,sgp-sec-10
std-0455,Elias,Gebre,elias.gebre455@example.com,password123,555-0455,STUDENT,False,sgp-sec-10
std-0456,Dawit,Desta,dawit.desta456@example.com,password123,555-0456,STUDENT,False,sgp-sec-10
std-0457,Isaac,Abebe,isaac.abebe457@example.com,password123,555-0457,STUDENT,False,sgp-sec-10
std-0458,Dawit,Desta,dawit.desta458@example.com,password123,555-0458,STUDENT,False,sgp-sec-10
std-0459,Berhanu,Abebe,berhanu.abebe459@example.com,password123,555-0459,STUDENT,False,sgp-sec-10
std-0460,Noah,Haile,noah.haile460@example.com,password123,555-0460,STUDENT,False,sgp-sec-10
std-0461,Daniel,Lemma,daniel.lemma461@example.com,password123,555-0461,STUDENT,False,sgp-sec-10
std-0462,Abel,Berhanu,abel.berhanu462@example.com,password123,555-0462,STUDENT,False,sgp-sec-10
std-0463,Isaac,Abebe,isaac.abebe463@example.com,password123,555-0463,STUDENT,False,sgp-sec-10
std-0464,Eden,Nigussie,eden.nigussie464@example.com,password123,555-0464,STUDENT,False,sgp-sec-10
std-0465,Berhanu,Nigussie,berhanu.nigussie465@example.com,password123,555-0465,STUDENT,False,sgp-sec-10
std-0466,Biniam,Tesfaye,biniam.tesfaye466@example.com,password123,555-0466,STUDENT,False,sgp-sec-10
std-0467,Zewde,Wolde,zewde.wolde467@example.com,password123,555-0467,STUDENT,False,sgp-sec-10
std-0468,Lia,Desta,lia.desta468@example.com,password123,555-0468,STUDENT,False,sgp-sec-10
std-0469,Eden,Wolde,eden.wolde469@example.com,password123,555-0469,STUDENT,False,sgp-sec-10
std-0470,Samuel,Haile,samuel.haile470@example.com,password123,555-0470,STUDENT,False,sgp-sec-10
std-0471,Rahel,Nigussie,rahel.nigussie471@example.com,password123,555-0471,STUDENT,False,sgp-sec-10
std-0472,Isaac,Kebede,isaac.kebede472@example.com,password123,555-0472,STUDENT,False,sgp-sec-10
std-0473,Dawit,Girma,dawit.girma473@example.com,password123,555-0473,STUDENT,False,sgp-sec-10
std-0474,Abeba,Mekonnen,abeba.mekonnen474@example.com,password123,555-0474,STUDENT,False,sgp-sec-10
std-0475,Biniam,Assefa,biniam.assefa475@example.com,password123,555-0475,STUDENT,False,sgp-sec-10
std-0476,Jemal,Girma,jemal.girma476@example.com,password123,555-0476,STUDENT,False,sgp-sec-10
std-0477,Daniel,Girma,daniel.girma477@example.com,password123,555-0477,STUDENT,False,sgp-sec-10
std-0478,Paul,Bekele,paul.bekele478@example.com,password123,555-0478,STUDENT,False,sgp-sec-10
std-0479,Dawit,Girma,dawit.girma479@example.com,password123,555-0479,STUDENT,False,sgp-sec-10
std-0480,Zewde,Wolde,zewde.wolde480@example.com,password123,555-0480,STUDENT,False,sgp-sec-10
std-0481,Abel,Wolde,abel.wolde481@example.com,password123,555-0481,STUDENT,False,sgp-sec-10
std-0482,Isaac,Abebe,isaac.abebe482@example.com,password123,555-0482,STUDENT,False,sgp-sec-10
std-0483,Elias,Lemma,elias.lemma483@example.com,password123,555-0483,STUDENT,False,sgp-sec-10
std-0484,Elias,Desta,elias.desta484@example.com,password123,555-0484,STUDENT,False,sgp-sec-10
std-0485,Tigist,Tesfaye,tigist.tesfaye485@example.com,password123,555-0485,STUDENT,False,sgp-sec-10
std-0486,Isaac,Lemma,isaac.lemma486@example.com,password123,555-0486,STUDENT,False,sgp-sec-10
std-0487,Elias,Desta,elias.desta487@example.com,password123,555-0487,STUDENT,False,sgp-sec-10
std-0488,Dawit,Gebre,dawit.gebre488@example.com,password123,555-0488,STUDENT,False,sgp-sec-10
std-0489,Berhanu,Berhanu,berhanu.berhanu489@example.com,password123,555-0489,STUDENT,False,sgp-sec-10
std-0490,Kaleb,Tesfaye,kaleb.tesfaye490@example.com,password123,555-0490,STUDENT,False,sgp-sec-10
std-0491,Daniel,Abebe,daniel.abebe491@example.com,password123,555-0491,STUDENT,False,sgp-sec-10
std-0492,Eden,Haile,eden.haile492@example.com,password123,555-0492,STUDENT,False,sgp-sec-10
std-0493,Berhanu,Tadesse,berhanu.tadesse493@example.com,password123,555-0493,STUDENT,False,sgp-sec-10
std-0494,Daniel,Bekele,daniel.bekele494@example.com,password123,555-0494,STUDENT,False,sgp-sec-10
std-0495,Mekdes,Wolde,mekdes.wolde495@example.com,password123,555-0495,STUDENT,False,sgp-sec-10
std-0496,Daniel,Tesfaye,daniel.tesfaye496@example.com,password123,555-0496,STUDENT,False,sgp-sec-10
std-0497,Girma,Tesfaye,girma.tesfaye497@example.com,password123,555-0497,STUDENT,False,sgp-sec-10
std-0498,Chala,Wolde,chala.wolde498@example.com,password123,555-0498,STUDENT,False,sgp-sec-10
std-0499,Daniel,Bekele,daniel.bekele499@example.com,password123,555-0499,STUDENT,False,sgp-sec-10
std-0500,Biniam,Lemma,biniam.lemma500@example.com,password123,555-0500,STUDENT,False,sgp-sec-10
std-0501,Elias,Desta,elias.desta501@example.com,password123,555-0501,STUDENT,False,sgp-sec-11
std-0502,Noah,Haile,noah.haile502@example.com,password123,555-0502,STUDENT,False,sgp-sec-11
std-0503,Biniam,Haile,biniam.haile503@example.com,password123,555-0503,STUDENT,False,sgp-sec-11
std-0504,Samuel,Girma,samuel.girma504@example.com,password123,555-0504,STUDENT,False,sgp-sec-11
std-0505,Berhanu,Abebe,berhanu.abebe505@example.com,password123,555-0505,STUDENT,False,sgp-sec-11
std-0506,Biniam,Gebre,biniam.gebre506@example.com,password123,555-0506,STUDENT,False,sgp-sec-11
std-0507,Olivia,Kebede,olivia.kebede507@example.com,password123,555-0507,STUDENT,False,sgp-sec-11
std-0508,Chala,Lemma,chala.lemma508@example.com,password123,555-0508,STUDENT,False,sgp-sec-11
std-0509,Kaleb,Mekonnen,kaleb.mekonnen509@example.com,password123,555-0509,STUDENT,False,sgp-sec-11
std-0510,Noah,Haile,noah.haile510@example.com,password123,555-0510,STUDENT,False,sgp-sec-11
std-0511,Jemal,Gebre,jemal.gebre511@example.com,password123,555-0511,STUDENT,False,sgp-sec-11
std-0512,Elias,Berhanu,elias.berhanu512@example.com,password123,555-0512,STUDENT,False,sgp-sec-11
std-0513,Tigist,Gebre,tigist.gebre513@example.com,password123,555-0513,STUDENT,False,sgp-sec-11
std-0514,Olivia,Tadesse,olivia.tadesse514@example.com,password123,555-0514,STUDENT,False,sgp-sec-11
std-0515,Isaac,Nigussie,isaac.nigussie515@example.com,password123,555-0515,STUDENT,False,sgp-sec-11
std-0516,Abel,Lemma,abel.lemma516@example.com,password123,555-0516,STUDENT,False,sgp-sec-11
std-0517,Mekdes,Girma,mekdes.girma517@example.com,password123,555-0517,STUDENT,False,sgp-sec-11
std-0518,Olivia,Bekele,olivia.bekele518@example.com,password123,555-0518,STUDENT,False,sgp-sec-11
std-0519,Tigist,Bekele,tigist.bekele519@example.com,password123,555-0519,STUDENT,False,sgp-sec-11
std-0520,Firaol,Girma,firaol.girma520@example.com,password123,555-0520,STUDENT,False,sgp-sec-11
std-0521,Zewde,Haile,zewde.haile521@example.com,password123,555-0521,STUDENT,False,sgp-sec-11
std-0522,Lia,Lemma,lia.lemma522@example.com,password123,555-0522,STUDENT,False,sgp-sec-11
std-0523,Firaol,Abebe,firaol.abebe523@example.com,password123,555-0523,STUDENT,False,sgp-sec-11
std-0524,Eden,Abebe,eden.abebe524@example.com,password123,555-0524,STUDENT,False,sgp-sec-11
std-0525,Hana,Kebede,hana.kebede525@example.com,password123,555-0525,STUDENT,False,sgp-sec-11
std-0526,Daniel,Nigussie,daniel.nigussie526@example.com,password123,555-0526,STUDENT,False,sgp-sec-11
std-0527,Firaol,Kebede,firaol.kebede527@example.com,password123,555-0527,STUDENT,False,sgp-sec-11
std-0528,Berhanu,Bekele,berhanu.bekele528@example.com,password123,555-0528,STUDENT,False,sgp-sec-11
std-0529,Kaleb,Tesfaye,kaleb.tesfaye529@example.com,password123,555-0529,STUDENT,False,sgp-sec-11
std-0530,Mekdes,Desta,mekdes.desta530@example.com,password123,555-0530,STUDENT,False,sgp-sec-11
std-0531,Berhanu,Girma,berhanu.girma531@example.com,password123,555-0531,STUDENT,False,sgp-sec-11
std-0532,Noah,Desta,noah.desta532@example.com,password123,555-0532,STUDENT,False,sgp-sec-11
std-0533,Yonas,Gebre,yonas.gebre533@example.com,password123,555-0533,STUDENT,False,sgp-sec-11
std-0534,Chala,Tadesse,chala.tadesse534@example.com,password123,555-0534,STUDENT,False,sgp-sec-11
std-0535,Dawit,Berhanu,dawit.berhanu535@example.com,password123,555-0535,STUDENT,False,sgp-sec-11
std-0536,Olivia,Mekonnen,olivia.mekonnen536@example.com,password123,555-0536,STUDENT,False,sgp-sec-11
std-0537,Berhanu,Bekele,berhanu.bekele537@example.com,password123,555-0537,STUDENT,False,sgp-sec-11
std-0538,Firaol,Tesfaye,firaol.tesfaye538@example.com,password123,555-0538,STUDENT,False,sgp-sec-11
std-0539,Samuel,Bekele,samuel.bekele539@example.com,password123,555-0539,STUDENT,False,sgp-sec-11
std-0540,Berhanu,Bekele,berhanu.bekele540@example.com,password123,555-0540,STUDENT,False,sgp-sec-11
std-0541,Berhanu,Kebede,berhanu.kebede541@example.com,password123,555-0541,STUDENT,False,sgp-sec-11
std-0542,Paul,Berhanu,paul.berhanu542@example.com,password123,555-0542,STUDENT,False,sgp-sec-11
std-0543,Yonas,Gebre,yonas.gebre543@example.com,password123,555-0543,STUDENT,False,sgp-sec-11
std-0544,Kaleb,Gebre,kaleb.gebre544@example.com,password123,555-0544,STUDENT,False,sgp-sec-11
std-0545,Kaleb,Mekonnen,kaleb.mekonnen545@example.com,password123,555-0545,STUDENT,False,sgp-sec-11
std-0546,Firaol,Wolde,firaol.wolde546@example.com,password123,555-0546,STUDENT,False,sgp-sec-11
std-0547,Elias,Nigussie,elias.nigussie547@example.com,password123,555-0547,STUDENT,False,sgp-sec-11
std-0548,Olivia,Wolde,olivia.wolde548@example.com,password123,555-0548,STUDENT,False,sgp-sec-11
std-0549,Paul,Haile,paul.haile549@example.com,password123,555-0549,STUDENT,False,sgp-sec-11
std-0550,Olivia,Gebre,olivia.gebre550@example.com,password123,555-0550,STUDENT,False,sgp-sec-11
std-0551,Firaol,Wolde,firaol.wolde551@example.com,password123,555-0551,STUDENT,True,sgp-sec-12
std-0552,Hana,Bekele,hana.bekele552@example.com,password123,555-0552,STUDENT,True,sgp-sec-12
std-0553,Eden,Tesfaye,eden.tesfaye553@example.com,password123,555-0553,STUDENT,True,sgp-sec-12
std-0554,Paul,Abebe,paul.abebe554@example.com,password123,555-0554,STUDENT,True,sgp-sec-12
std-0555,Chala,Haile,chala.haile555@example.com,password123,555-0555,STUDENT,True,sgp-sec-12
std-0556,Girma,Kebede,girma.kebede556@example.com,password123,555-0556,STUDENT,True,sgp-sec-12
std-0557,Elias,Tesfaye,elias.tesfaye557@example.com,password123,555-0557,STUDENT,True,sgp-sec-12
std-0558,Noah,Mekonnen,noah.mekonnen558@example.com,password123,555-0558,STUDENT,True,sgp-sec-12
std-0559,Yonas,Tadesse,yonas.tadesse559@example.com,password123,555-0559,STUDENT,True,sgp-sec-12
std-0560,Girma,Girma,girma.girma560@example.com,password123,555-0560,STUDENT,True,sgp-sec-12
std-0561,Chala,Tadesse,chala.tadesse561@example.com,password123,555-0561,STUDENT,True,sgp-sec-12
std-0562,Firaol,Tesfaye,firaol.tesfaye562@example.com,password123,555-0562,STUDENT,True,sgp-sec-12
std-0563,Dawit,Girma,dawit.girma563@example.com,password123,555-0563,STUDENT,True,sgp-sec-12
std-0564,Zewde,Lemma,zewde.lemma564@example.com,password123,555-0564,STUDENT,True,sgp-sec-12
std-0565,Biniam,Assefa,biniam.assefa565@example.com,password123,555-0565,STUDENT,True,sgp-sec-12
std-0566,Zewde,Nigussie,zewde.nigussie566@example.com,password123,555-0566,STUDENT,True,sgp-sec-12
std-0567,Firaol,Tadesse,firaol.tadesse567@example.com,password123,555-0567,STUDENT,True,sgp-sec-12
std-0568,Tigist,Nigussie,tigist.nigussie568@example.com,password123,555-0568,STUDENT,True,sgp-sec-12
std-0569,Kaleb,Tadesse,kaleb.tadesse569@example.com,password123,555-0569,STUDENT,True,sgp-sec-12
std-0570,Isaac,Bekele,isaac.bekele570@example.com,password123,555-0570,STUDENT,True,sgp-sec-12
std-0571,Isaac,Desta,isaac.desta571@example.com,password123,555-0571,STUDENT,True,sgp-sec-12
std-0572,Elias,Desta,elias.desta572@example.com,password123,555-0572,STUDENT,True,sgp-sec-12
std-0573,Isaac,Berhanu,isaac.berhanu573@example.com,password123,555-0573,STUDENT,True,sgp-sec-12
std-0574,Biniam,Lemma,biniam.lemma574@example.com,password123,555-0574,STUDENT,True,sgp-sec-12
std-0575,Zewde,Tesfaye,zewde.tesfaye575@example.com,password123,555-0575,STUDENT,True,sgp-sec-12
std-0576,Elias,Mekonnen,elias.mekonnen576@example.com,password123,555-0576,STUDENT,True,sgp-sec-12
std-0577,Noah,Wolde,noah.wolde577@example.com,password123,555-0577,STUDENT,True,sgp-sec-12
std-0578,Berhanu,Lemma,berhanu.lemma578@example.com,password123,555-0578,STUDENT,True,sgp-sec-12
std-0579,Girma,Nigussie,girma.nigussie579@example.com,password123,555-0579,STUDENT,True,sgp-sec-12
std-0580,Yonas,Wolde,yonas.wolde580@example.com,password123,555-0580,STUDENT,True,sgp-sec-12
std-0581,Chala,Haile,chala.haile581@example.com,password123,555-0581,STUDENT,True,sgp-sec-12
std-0582,Girma,Gebre,girma.gebre582@example.com,password123,555-0582,STUDENT,True,sgp-sec-12
std-0583,Rahel,Mekonnen,rahel.mekonnen583@example.com,password123,555-0583,STUDENT,True,sgp-sec-12
std-0584,Olivia,Wolde,olivia.wolde584@example.com,password123,555-0584,STUDENT,True,sgp-sec-12
std-0585,Firaol,Tadesse,firaol.tadesse585@example.com,password123,555-0585,STUDENT,True,sgp-sec-12
std-0586,Rahel,Haile,rahel.haile586@example.com,password123,555-0586,STUDENT,True,sgp-sec-12
std-0587,Chala,Abebe,chala.abebe587@example.com,password123,555-0587,STUDENT,True,sgp-sec-12
std-0588,Dawit,Gebre,dawit.gebre588@example.com,password123,555-0588,STUDENT,True,sgp-sec-12
std-0589,Jemal,Girma,jemal.girma589@example.com,password123,555-0589,STUDENT,True,sgp-sec-12
std-0590,Paul,Wolde,paul.wolde590@example.com,password123,555-0590,STUDENT,True,sgp-sec-12
std-0591,Lia,Desta,lia.desta591@example.com,password123,555-0591,STUDENT,True,sgp-sec-12
std-0592,Noah,Abebe,noah.abebe592@example.com,password123,555-0592,STUDENT,True,sgp-sec-12
std-0593,Kaleb,Abebe,kaleb.abebe593@example.com,password123,555-0593,STUDENT,True,sgp-sec-12
std-0594,Tigist,Kebede,tigist.kebede594@example.com,password123,555-0594,STUDENT,True,sgp-sec-12
std-0595,Firaol,Berhanu,firaol.berhanu595@example.com,password123,555-0595,STUDENT,True,sgp-sec-12
std-0596,Chala,Girma,chala.girma596@example.com,password123,555-0596,STUDENT,True,sgp-sec-12
std-0597,Paul,Assefa,paul.assefa597@example.com,password123,555-0597,STUDENT,True,sgp-sec-12
std-0598,Noah,Assefa,noah.assefa598@example.com,password123,555-0598,STUDENT,True,sgp-sec-12
std-0599,Elias,Haile,elias.haile599@example.com,password123,555-0599,STUDENT,True,sgp-sec-12
std-0600,Olivia,Assefa,olivia.assefa600@example.com,password123,555-0600,STUDENT,True,sgp-sec-12
std-0601,Samuel,Nigussie,samuel.nigussie601@example.com,password123,555-0601,STUDENT,False,sgp-sec-13
std-0602,Lia,Wolde,lia.wolde602@example.com,password123,555-0602,STUDENT,False,sgp-sec-13
std-0603,Elias,Bekele,elias.bekele603@example.com,password123,555-0603,STUDENT,False,sgp-sec-13
std-0604,Isaac,Bekele,isaac.bekele604@example.com,password123,555-0604,STUDENT,False,sgp-sec-13
std-0605,Rahel,Gebre,rahel.gebre605@example.com,password123,555-0605,STUDENT,False,sgp-sec-13
std-0606,Jemal,Kebede,jemal.kebede606@example.com,password123,555-0606,STUDENT,False,sgp-sec-13
std-0607,Tigist,Gebre,tigist.gebre607@example.com,password123,555-0607,STUDENT,False,sgp-sec-13
std-0608,Yonas,Gebre,yonas.gebre608@example.com,password123,555-0608,STUDENT,False,sgp-sec-13
std-0609,Mekdes,Haile,mekdes.haile609@example.com,password123,555-0609,STUDENT,False,sgp-sec-13
std-0610,Lia,Wolde,lia.wolde610@example.com,password123,555-0610,STUDENT,False,sgp-sec-13
std-0611,Elias,Mekonnen,elias.mekonnen611@example.com,password123,555-0611,STUDENT,False,sgp-sec-13
std-0612,Dawit,Abebe,dawit.abebe612@example.com,password123,555-0612,STUDENT,False,sgp-sec-13
std-0613,Abel,Assefa,abel.assefa613@example.com,password123,555-0613,STUDENT,False,sgp-sec-13
std-0614,Olivia,Assefa,olivia.assefa614@example.com,password123,555-0614,STUDENT,False,sgp-sec-13
std-0615,Dawit,Bekele,dawit.bekele615@example.com,password123,555-0615,STUDENT,False,sgp-sec-13
std-0616,Tigist,Haile,tigist.haile616@example.com,password123,555-0616,STUDENT,False,sgp-sec-13
std-0617,Eden,Assefa,eden.assefa617@example.com,password123,555-0617,STUDENT,False,sgp-sec-13
std-0618,Eden,Haile,eden.haile618@example.com,password123,555-0618,STUDENT,False,sgp-sec-13
std-0619,Olivia,Lemma,olivia.lemma619@example.com,password123,555-0619,STUDENT,False,sgp-sec-13
std-0620,Eden,Tadesse,eden.tadesse620@example.com,password123,555-0620,STUDENT,False,sgp-sec-13
std-0621,Abel,Gebre,abel.gebre621@example.com,password123,555-0621,STUDENT,False,sgp-sec-13
std-0622,Kaleb,Lemma,kaleb.lemma622@example.com,password123,555-0622,STUDENT,False,sgp-sec-13
std-0623,Tigist,Mekonnen,tigist.mekonnen623@example.com,password123,555-0623,STUDENT,False,sgp-sec-13
std-0624,Chala,Wolde,chala.wolde624@example.com,password123,555-0624,STUDENT,False,sgp-sec-13
std-0625,Paul,Desta,paul.desta625@example.com,password123,555-0625,STUDENT,False,sgp-sec-13
std-0626,Abeba,Nigussie,abeba.nigussie626@example.com,password123,555-0626,STUDENT,False,sgp-sec-13
std-0627,Olivia,Tadesse,olivia.tadesse627@example.com,password123,555-0627,STUDENT,False,sgp-sec-13
std-0628,Berhanu,Lemma,berhanu.lemma628@example.com,password123,555-0628,STUDENT,False,sgp-sec-13
std-0629,Chala,Nigussie,chala.nigussie629@example.com,password123,555-0629,STUDENT,False,sgp-sec-13
std-0630,Mekdes,Tadesse,mekdes.tadesse630@example.com,password123,555-0630,STUDENT,False,sgp-sec-13
std-0631,Lia,Tesfaye,lia.tesfaye631@example.com,password123,555-0631,STUDENT,False,sgp-sec-13
std-0632,Eden,Nigussie,eden.nigussie632@example.com,password123,555-0632,STUDENT,False,sgp-sec-13
std-0633,Dawit,Kebede,dawit.kebede633@example.com,password123,555-0633,STUDENT,False,sgp-sec-13
std-0634,Noah,Kebede,noah.kebede634@example.com,password123,555-0634,STUDENT,False,sgp-sec-13
std-0635,Rahel,Tadesse,rahel.tadesse635@example.com,password123,555-0635,STUDENT,False,sgp-sec-13
std-0636,Zewde,Desta,zewde.desta636@example.com,password123,555-0636,STUDENT,False,sgp-sec-13
std-0637,Mekdes,Tadesse,mekdes.tadesse637@example.com,password123,555-0637,STUDENT,False,sgp-sec-13
std-0638,Daniel,Haile,daniel.haile638@example.com,password123,555-0638,STUDENT,False,sgp-sec-13
std-0639,Yonas,Bekele,yonas.bekele639@example.com,password123,555-0639,STUDENT,False,sgp-sec-13
std-0640,Rahel,Girma,rahel.girma640@example.com,password123,555-0640,STUDENT,False,sgp-sec-13
std-0641,Jemal,Nigussie,jemal.nigussie641@example.com,password123,555-0641,STUDENT,False,sgp-sec-13
std-0642,Tigist,Girma,tigist.girma642@example.com,password123,555-0642,STUDENT,False,sgp-sec-13
std-0643,Abeba,Wolde,abeba.wolde643@example.com,password123,555-0643,STUDENT,False,sgp-sec-13
std-0644,Abeba,Tesfaye,abeba.tesfaye644@example.com,password123,555-0644,STUDENT,False,sgp-sec-13
std-0645,Berhanu,Tadesse,berhanu.tadesse645@example.com,password123,555-0645,STUDENT,False,sgp-sec-13
std-0646,Berhanu,Assefa,berhanu.assefa646@example.com,password123,555-0646,STUDENT,False,sgp-sec-13
std-0647,Biniam,Wolde,biniam.wolde647@example.com,password123,555-0647,STUDENT,False,sgp-sec-13
std-0648,Rahel,Bekele,rahel.bekele648@example.com,password123,555-0648,STUDENT,False,sgp-sec-13
std-0649,Daniel,Abebe,daniel.abebe649@example.com,password123,555-0649,STUDENT,False,sgp-sec-13
std-0650,Daniel,Girma,daniel.girma650@example.com,password123,555-0650,STUDENT,False,sgp-sec-13
std-0651,Kaleb,Nigussie,kaleb.nigussie651@example.com,password123,555-0651,STUDENT,False,sgp-sec-14
std-0652,Hana,Lemma,hana.lemma652@example.com,password123,555-0652,STUDENT,False,sgp-sec-14
std-0653,Eden,Tadesse,eden.tadesse653@example.com,password123,555-0653,STUDENT,False,sgp-sec-14
std-0654,Elias,Bekele,elias.bekele654@example.com,password123,555-0654,STUDENT,False,sgp-sec-14
std-0655,Jemal,Kebede,jemal.kebede655@example.com,password123,555-0655,STUDENT,False,sgp-sec-14
std-0656,Daniel,Gebre,daniel.gebre656@example.com,password123,555-0656,STUDENT,False,sgp-sec-14
std-0657,Olivia,Wolde,olivia.wolde657@example.com,password123,555-0657,STUDENT,False,sgp-sec-14
std-0658,Abel,Berhanu,abel.berhanu658@example.com,password123,555-0658,STUDENT,False,sgp-sec-14
std-0659,Abel,Lemma,abel.lemma659@example.com,password123,555-0659,STUDENT,False,sgp-sec-14
std-0660,Yonas,Nigussie,yonas.nigussie660@example.com,password123,555-0660,STUDENT,False,sgp-sec-14
std-0661,Daniel,Mekonnen,daniel.mekonnen661@example.com,password123,555-0661,STUDENT,False,sgp-sec-14
std-0662,Elias,Tadesse,elias.tadesse662@example.com,password123,555-0662,STUDENT,False,sgp-sec-14
std-0663,Elias,Tesfaye,elias.tesfaye663@example.com,password123,555-0663,STUDENT,False,sgp-sec-14
std-0664,Hana,Kebede,hana.kebede664@example.com,password123,555-0664,STUDENT,False,sgp-sec-14
std-0665,Tigist,Abebe,tigist.abebe665@example.com,password123,555-0665,STUDENT,False,sgp-sec-14
std-0666,Dawit,Wolde,dawit.wolde666@example.com,password123,555-0666,STUDENT,False,sgp-sec-14
std-0667,Samuel,Bekele,samuel.bekele667@example.com,password123,555-0667,STUDENT,False,sgp-sec-14
std-0668,Berhanu,Assefa,berhanu.assefa668@example.com,password123,555-0668,STUDENT,False,sgp-sec-14
std-0669,Berhanu,Berhanu,berhanu.berhanu669@example.com,password123,555-0669,STUDENT,False,sgp-sec-14
std-0670,Jemal,Tadesse,jemal.tadesse670@example.com,password123,555-0670,STUDENT,False,sgp-sec-14
std-0671,Elias,Kebede,elias.kebede671@example.com,password123,555-0671,STUDENT,False,sgp-sec-14
std-0672,Rahel,Nigussie,rahel.nigussie672@example.com,password123,555-0672,STUDENT,False,sgp-sec-14
std-0673,Eden,Tesfaye,eden.tesfaye673@example.com,password123,555-0673,STUDENT,False,sgp-sec-14
std-0674,Paul,Tadesse,paul.tadesse674@example.com,password123,555-0674,STUDENT,False,sgp-sec-14
std-0675,Girma,Haile,girma.haile675@example.com,password123,555-0675,STUDENT,False,sgp-sec-14
std-0676,Zewde,Kebede,zewde.kebede676@example.com,password123,555-0676,STUDENT,False,sgp-sec-14
std-0677,Eden,Nigussie,eden.nigussie677@example.com,password123,555-0677,STUDENT,False,sgp-sec-14
std-0678,Abel,Abebe,abel.abebe678@example.com,password123,555-0678,STUDENT,False,sgp-sec-14
std-0679,Jemal,Berhanu,jemal.berhanu679@example.com,password123,555-0679,STUDENT,False,sgp-sec-14
std-0680,Rahel,Haile,rahel.haile680@example.com,password123,555-0680,STUDENT,False,sgp-sec-14
std-0681,Hana,Haile,hana.haile681@example.com,password123,555-0681,STUDENT,False,sgp-sec-14
std-0682,Paul,Bekele,paul.bekele682@example.com,password123,555-0682,STUDENT,False,sgp-sec-14
std-0683,Tigist,Abebe,tigist.abebe683@example.com,password123,555-0683,STUDENT,False,sgp-sec-14
std-0684,Lia,Haile,lia.haile684@example.com,password123,555-0684,STUDENT,False,sgp-sec-14
std-0685,Abel,Berhanu,abel.berhanu685@example.com,password123,555-0685,STUDENT,False,sgp-sec-14
std-0686,Firaol,Girma,firaol.girma686@example.com,password123,555-0686,STUDENT,False,sgp-sec-14
std-0687,Rahel,Desta,rahel.desta687@example.com,password123,555-0687,STUDENT,False,sgp-sec-14
std-0688,Abeba,Tesfaye,abeba.tesfaye688@example.com,password123,555-0688,STUDENT,False,sgp-sec-14
std-0689,Elias,Wolde,elias.wolde689@example.com,password123,555-0689,STUDENT,False,sgp-sec-14
std-0690,Girma,Berhanu,girma.berhanu690@example.com,password123,555-0690,STUDENT,False,sgp-sec-14
std-0691,Abel,Abebe,abel.abebe691@example.com,password123,555-0691,STUDENT,False,sgp-sec-14
std-0692,Samuel,Tadesse,samuel.tadesse692@example.com,password123,555-0692,STUDENT,False,sgp-sec-14
std-0693,Olivia,Mekonnen,olivia.mekonnen693@example.com,password123,555-0693,STUDENT,False,sgp-sec-14
std-0694,Samuel,Assefa,samuel.assefa694@example.com,password123,555-0694,STUDENT,False,sgp-sec-14
std-0695,Biniam,Nigussie,biniam.nigussie695@example.com,password123,555-0695,STUDENT,False,sgp-sec-14
std-0696,Elias,Tadesse,elias.tadesse696@example.com,password123,555-0696,STUDENT,False,sgp-sec-14
std-0697,Mekdes,Girma,mekdes.girma697@example.com,password123,555-0697,STUDENT,False,sgp-sec-14
std-0698,Abel,Lemma,abel.lemma698@example.com,password123,555-0698,STUDENT,False,sgp-sec-14
std-0699,Zewde,Nigussie,zewde.nigussie699@example.com,password123,555-0699,STUDENT,False,sgp-sec-14
std-0700,Tigist,Wolde,tigist.wolde700@example.com,password123,555-0700,STUDENT,False,sgp-sec-14
std-0701,Lia,Berhanu,lia.berhanu701@example.com,password123,555-0701,STUDENT,True,sgp-sec-15
std-0702,Firaol,Lemma,firaol.lemma702@example.com,password123,555-0702,STUDENT,True,sgp-sec-15
std-0703,Rahel,Kebede,rahel.kebede703@example.com,password123,555-0703,STUDENT,True,sgp-sec-15
std-0704,Elias,Girma,elias.girma704@example.com,password123,555-0704,STUDENT,True,sgp-sec-15
std-0705,Rahel,Haile,rahel.haile705@example.com,password123,555-0705,STUDENT,True,sgp-sec-15
std-0706,Rahel,Mekonnen,rahel.mekonnen706@example.com,password123,555-0706,STUDENT,True,sgp-sec-15
std-0707,Mekdes,Haile,mekdes.haile707@example.com,password123,555-0707,STUDENT,True,sgp-sec-15
std-0708,Samuel,Nigussie,samuel.nigussie708@example.com,password123,555-0708,STUDENT,True,sgp-sec-15
std-0709,Mekdes,Assefa,mekdes.assefa709@example.com,password123,555-0709,STUDENT,True,sgp-sec-15
std-0710,Berhanu,Nigussie,berhanu.nigussie710@example.com,password123,555-0710,STUDENT,True,sgp-sec-15
std-0711,Abeba,Girma,abeba.girma711@example.com,password123,555-0711,STUDENT,True,sgp-sec-15
std-0712,Daniel,Tesfaye,daniel.tesfaye712@example.com,password123,555-0712,STUDENT,True,sgp-sec-15
std-0713,Olivia,Desta,olivia.desta713@example.com,password123,555-0713,STUDENT,True,sgp-sec-15
std-0714,Kaleb,Assefa,kaleb.assefa714@example.com,password123,555-0714,STUDENT,True,sgp-sec-15
std-0715,Dawit,Berhanu,dawit.berhanu715@example.com,password123,555-0715,STUDENT,True,sgp-sec-15
std-0716,Abeba,Wolde,abeba.wolde716@example.com,password123,555-0716,STUDENT,True,sgp-sec-15
std-0717,Girma,Abebe,girma.abebe717@example.com,password123,555-0717,STUDENT,True,sgp-sec-15
std-0718,Olivia,Wolde,olivia.wolde718@example.com,password123,555-0718,STUDENT,True,sgp-sec-15
std-0719,Rahel,Lemma,rahel.lemma719@example.com,password123,555-0719,STUDENT,True,sgp-sec-15
std-0720,Olivia,Kebede,olivia.kebede720@example.com,password123,555-0720,STUDENT,True,sgp-sec-15
std-0721,Mekdes,Girma,mekdes.girma721@example.com,password123,555-0721,STUDENT,True,sgp-sec-15
std-0722,Abel,Tesfaye,abel.tesfaye722@example.com,password123,555-0722,STUDENT,True,sgp-sec-15
std-0723,Rahel,Wolde,rahel.wolde723@example.com,password123,555-0723,STUDENT,True,sgp-sec-15
std-0724,Lia,Tesfaye,lia.tesfaye724@example.com,password123,555-0724,STUDENT,True,sgp-sec-15
std-0725,Noah,Haile,noah.haile725@example.com,password123,555-0725,STUDENT,True,sgp-sec-15
std-0726,Jemal,Mekonnen,jemal.mekonnen726@example.com,password123,555-0726,STUDENT,True,sgp-sec-15
std-0727,Berhanu,Lemma,berhanu.lemma727@example.com,password123,555-0727,STUDENT,True,sgp-sec-15
std-0728,Elias,Lemma,elias.lemma728@example.com,password123,555-0728,STUDENT,True,sgp-sec-15
std-0729,Lia,Tadesse,lia.tadesse729@example.com,password123,555-0729,STUDENT,True,sgp-sec-15
std-0730,Abel,Mekonnen,abel.mekonnen730@example.com,password123,555-0730,STUDENT,True,sgp-sec-15
std-0731,Chala,Berhanu,chala.berhanu731@example.com,password123,555-0731,STUDENT,True,sgp-sec-15
std-0732,Mekdes,Girma,mekdes.girma732@example.com,password123,555-0732,STUDENT,True,sgp-sec-15
std-0733,Firaol,Girma,firaol.girma733@example.com,password123,555-0733,STUDENT,True,sgp-sec-15
std-0734,Mekdes,Nigussie,mekdes.nigussie734@example.com,password123,555-0734,STUDENT,True,sgp-sec-15
std-0735,Abel,Desta,abel.desta735@example.com,password123,555-0735,STUDENT,True,sgp-sec-15
std-0736,Zewde,Desta,zewde.desta736@example.com,password123,555-0736,STUDENT,True,sgp-sec-15
std-0737,Samuel,Bekele,samuel.bekele737@example.com,password123,555-0737,STUDENT,True,sgp-sec-15
std-0738,Abeba,Haile,abeba.haile738@example.com,password123,555-0738,STUDENT,True,sgp-sec-15
std-0739,Tigist,Kebede,tigist.kebede739@example.com,password123,555-0739,STUDENT,True,sgp-sec-15
std-0740,Mekdes,Desta,mekdes.desta740@example.com,password123,555-0740,STUDENT,True,sgp-sec-15
std-0741,Tigist,Berhanu,tigist.berhanu741@example.com,password123,555-0741,STUDENT,True,sgp-sec-15
std-0742,Mekdes,Mekonnen,mekdes.mekonnen742@example.com,password123,555-0742,STUDENT,True,sgp-sec-15
std-0743,Berhanu,Abebe,berhanu.abebe743@example.com,password123,555-0743,STUDENT,True,sgp-sec-15
std-0744,Mekdes,Kebede,mekdes.kebede744@example.com,password123,555-0744,STUDENT,True,sgp-sec-15
std-0745,Lia,Mekonnen,lia.mekonnen745@example.com,password123,555-0745,STUDENT,True,sgp-sec-15
std-0746,Samuel,Wolde,samuel.wolde746@example.com,password123,555-0746,STUDENT,True,sgp-sec-15
std-0747,Jemal,Berhanu,jemal.berhanu747@example.com,password123,555-0747,STUDENT,True,sgp-sec-15
std-0748,Mekdes,Kebede,mekdes.kebede748@example.com,password123,555-0748,STUDENT,True,sgp-sec-15
std-0749,Abeba,Gebre,abeba.gebre749@example.com,password123,555-0749,STUDENT,True,sgp-sec-15
std-0750,Zewde,Kebede,zewde.kebede750@example.com,password123,555-0750,STUDENT,True,sgp-sec-15
std-0751,Mekdes,Assefa,mekdes.assefa751@example.com,password123,555-0751,STUDENT,False,sgp-sec-16
std-0752,Elias,Haile,elias.haile752@example.com,password123,555-0752,STUDENT,False,sgp-sec-16
std-0753,Firaol,Gebre,firaol.gebre753@example.com,password123,555-0753,STUDENT,False,sgp-sec-16
std-0754,Dawit,Nigussie,dawit.nigussie754@example.com,password123,555-0754,STUDENT,False,sgp-sec-16
std-0755,Kaleb,Nigussie,kaleb.nigussie755@example.com,password123,555-0755,STUDENT,False,sgp-sec-16
std-0756,Berhanu,Tesfaye,berhanu.tesfaye756@example.com,password123,555-0756,STUDENT,False,sgp-sec-16
std-0757,Berhanu,Abebe,berhanu.abebe757@example.com,password123,555-0757,STUDENT,False,sgp-sec-16
std-0758,Daniel,Gebre,daniel.gebre758@example.com,password123,555-0758,STUDENT,False,sgp-sec-16
std-0759,Olivia,Abebe,olivia.abebe759@example.com,password123,555-0759,STUDENT,False,sgp-sec-16
std-0760,Eden,Lemma,eden.lemma760@example.com,password123,555-0760,STUDENT,False,sgp-sec-16
std-0761,Hana,Berhanu,hana.berhanu761@example.com,password123,555-0761,STUDENT,False,sgp-sec-16
std-0762,Isaac,Mekonnen,isaac.mekonnen762@example.com,password123,555-0762,STUDENT,False,sgp-sec-16
std-0763,Berhanu,Wolde,berhanu.wolde763@example.com,password123,555-0763,STUDENT,False,sgp-sec-16
std-0764,Samuel,Assefa,samuel.assefa764@example.com,password123,555-0764,STUDENT,False,sgp-sec-16
std-0765,Paul,Tadesse,paul.tadesse765@example.com,password123,555-0765,STUDENT,False,sgp-sec-16
std-0766,Hana,Tesfaye,hana.tesfaye766@example.com,password123,555-0766,STUDENT,False,sgp-sec-16
std-0767,Zewde,Girma,zewde.girma767@example.com,password123,555-0767,STUDENT,False,sgp-sec-16
std-0768,Jemal,Haile,jemal.haile768@example.com,password123,555-0768,STUDENT,False,sgp-sec-16
std-0769,Noah,Tesfaye,noah.tesfaye769@example.com,password123,555-0769,STUDENT,False,sgp-sec-16
std-0770,Berhanu,Tesfaye,berhanu.tesfaye770@example.com,password123,555-0770,STUDENT,False,sgp-sec-16
std-0771,Hana,Nigussie,hana.nigussie771@example.com,password123,555-0771,STUDENT,False,sgp-sec-16
std-0772,Daniel,Mekonnen,daniel.mekonnen772@example.com,password123,555-0772,STUDENT,False,sgp-sec-16
std-0773,Noah,Bekele,noah.bekele773@example.com,password123,555-0773,STUDENT,False,sgp-sec-16
std-0774,Abel,Wolde,abel.wolde774@example.com,password123,555-0774,STUDENT,False,sgp-sec-16
std-0775,Samuel,Abebe,samuel.abebe775@example.com,password123,555-0775,STUDENT,False,sgp-sec-16
std-0776,Abel,Mekonnen,abel.mekonnen776@example.com,password123,555-0776,STUDENT,False,sgp-sec-16
std-0777,Paul,Tadesse,paul.tadesse777@example.com,password123,555-0777,STUDENT,False,sgp-sec-16
std-0778,Mekdes,Wolde,mekdes.wolde778@example.com,password123,555-0778,STUDENT,False,sgp-sec-16
std-0779,Paul,Girma,paul.girma779@example.com,password123,555-0779,STUDENT,False,sgp-sec-16
std-0780,Tigist,Haile,tigist.haile780@example.com,password123,555-0780,STUDENT,False,sgp-sec-16
std-0781,Daniel,Lemma,daniel.lemma781@example.com,password123,555-0781,STUDENT,False,sgp-sec-16
std-0782,Abeba,Nigussie,abeba.nigussie782@example.com,password123,555-0782,STUDENT,False,sgp-sec-16
std-0783,Firaol,Abebe,firaol.abebe783@example.com,password123,555-0783,STUDENT,False,sgp-sec-16
std-0784,Rahel,Desta,rahel.desta784@example.com,password123,555-0784,STUDENT,False,sgp-sec-16
std-0785,Abel,Tesfaye,abel.tesfaye785@example.com,password123,555-0785,STUDENT,False,sgp-sec-16
std-0786,Abeba,Berhanu,abeba.berhanu786@example.com,password123,555-0786,STUDENT,False,sgp-sec-16
std-0787,Girma,Mekonnen,girma.mekonnen787@example.com,password123,555-0787,STUDENT,False,sgp-sec-16
std-0788,Jemal,Wolde,jemal.wolde788@example.com,password123,555-0788,STUDENT,False,sgp-sec-16
std-0789,Paul,Mekonnen,paul.mekonnen789@example.com,password123,555-0789,STUDENT,False,sgp-sec-16
std-0790,Berhanu,Lemma,berhanu.lemma790@example.com,password123,555-0790,STUDENT,False,sgp-sec-16
std-0791,Elias,Abebe,elias.abebe791@example.com,password123,555-0791,STUDENT,False,sgp-sec-16
std-0792,Mekdes,Mekonnen,mekdes.mekonnen792@example.com,password123,555-0792,STUDENT,False,sgp-sec-16
std-0793,Tigist,Mekonnen,tigist.mekonnen793@example.com,password123,555-0793,STUDENT,False,sgp-sec-16
std-0794,Zewde,Wolde,zewde.wolde794@example.com,password123,555-0794,STUDENT,False,sgp-sec-16
std-0795,Abeba,Haile,abeba.haile795@example.com,password123,555-0795,STUDENT,False,sgp-sec-16
std-0796,Hana,Haile,hana.haile796@example.com,password123,555-0796,STUDENT,False,sgp-sec-16
std-0797,Yonas,Nigussie,yonas.nigussie797@example.com,password123,555-0797,STUDENT,False,sgp-sec-16
std-0798,Jemal,Kebede,jemal.kebede798@example.com,password123,555-0798,STUDENT,False,sgp-sec-16
std-0799,Elias,Abebe,elias.abebe799@example.com,password123,555-0799,STUDENT,False,sgp-sec-16
std-0800,Girma,Haile,girma.haile800@example.com,password123,555-0800,STUDENT,False,sgp-sec-16
std-0801,Hana,Bekele,hana.bekele801@example.com,password123,555-0801,STUDENT,False,sgp-sec-17
std-0802,Dawit,Assefa,dawit.assefa802@example.com,password123,555-0802,STUDENT,False,sgp-sec-17
std-0803,Lia,Bekele,lia.bekele803@example.com,password123,555-0803,STUDENT,False,sgp-sec-17
std-0804,Biniam,Berhanu,biniam.berhanu804@example.com,password123,555-0804,STUDENT,False,sgp-sec-17
std-0805,Elias,Girma,elias.girma805@example.com,password123,555-0805,STUDENT,False,sgp-sec-17
std-0806,Zewde,Kebede,zewde.kebede806@example.com,password123,555-0806,STUDENT,False,sgp-sec-17
std-0807,Samuel,Wolde,samuel.wolde807@example.com,password123,555-0807,STUDENT,False,sgp-sec-17
std-0808,Lia,Gebre,lia.gebre808@example.com,password123,555-0808,STUDENT,False,sgp-sec-17
std-0809,Abel,Desta,abel.desta809@example.com,password123,555-0809,STUDENT,False,sgp-sec-17
std-0810,Dawit,Assefa,dawit.assefa810@example.com,password123,555-0810,STUDENT,False,sgp-sec-17
std-0811,Biniam,Girma,biniam.girma811@example.com,password123,555-0811,STUDENT,False,sgp-sec-17
std-0812,Elias,Assefa,elias.assefa812@example.com,password123,555-0812,STUDENT,False,sgp-sec-17
std-0813,Jemal,Tadesse,jemal.tadesse813@example.com,password123,555-0813,STUDENT,False,sgp-sec-17
std-0814,Rahel,Kebede,rahel.kebede814@example.com,password123,555-0814,STUDENT,False,sgp-sec-17
std-0815,Mekdes,Wolde,mekdes.wolde815@example.com,password123,555-0815,STUDENT,False,sgp-sec-17
std-0816,Tigist,Nigussie,tigist.nigussie816@example.com,password123,555-0816,STUDENT,False,sgp-sec-17
std-0817,Abel,Berhanu,abel.berhanu817@example.com,password123,555-0817,STUDENT,False,sgp-sec-17
std-0818,Isaac,Girma,isaac.girma818@example.com,password123,555-0818,STUDENT,False,sgp-sec-17
std-0819,Elias,Kebede,elias.kebede819@example.com,password123,555-0819,STUDENT,False,sgp-sec-17
std-0820,Jemal,Tesfaye,jemal.tesfaye820@example.com,password123,555-0820,STUDENT,False,sgp-sec-17
std-0821,Elias,Wolde,elias.wolde821@example.com,password123,555-0821,STUDENT,False,sgp-sec-17
std-0822,Mekdes,Assefa,mekdes.assefa822@example.com,password123,555-0822,STUDENT,False,sgp-sec-17
std-0823,Samuel,Tesfaye,samuel.tesfaye823@example.com,password123,555-0823,STUDENT,False,sgp-sec-17
std-0824,Olivia,Assefa,olivia.assefa824@example.com,password123,555-0824,STUDENT,False,sgp-sec-17
std-0825,Abeba,Girma,abeba.girma825@example.com,password123,555-0825,STUDENT,False,sgp-sec-17
std-0826,Berhanu,Desta,berhanu.desta826@example.com,password123,555-0826,STUDENT,False,sgp-sec-17
std-0827,Jemal,Girma,jemal.girma827@example.com,password123,555-0827,STUDENT,False,sgp-sec-17
std-0828,Jemal,Kebede,jemal.kebede828@example.com,password123,555-0828,STUDENT,False,sgp-sec-17
std-0829,Daniel,Bekele,daniel.bekele829@example.com,password123,555-0829,STUDENT,False,sgp-sec-17
std-0830,Lia,Gebre,lia.gebre830@example.com,password123,555-0830,STUDENT,False,sgp-sec-17
std-0831,Biniam,Tadesse,biniam.tadesse831@example.com,password123,555-0831,STUDENT,False,sgp-sec-17
std-0832,Hana,Abebe,hana.abebe832@example.com,password123,555-0832,STUDENT,False,sgp-sec-17
std-0833,Daniel,Berhanu,daniel.berhanu833@example.com,password123,555-0833,STUDENT,False,sgp-sec-17
std-0834,Firaol,Bekele,firaol.bekele834@example.com,password123,555-0834,STUDENT,False,sgp-sec-17
std-0835,Rahel,Gebre,rahel.gebre835@example.com,password123,555-0835,STUDENT,False,sgp-sec-17
std-0836,Paul,Desta,paul.desta836@example.com,password123,555-0836,STUDENT,False,sgp-sec-17
std-0837,Samuel,Desta,samuel.desta837@example.com,password123,555-0837,STUDENT,False,sgp-sec-17
std-0838,Elias,Haile,elias.haile838@example.com,password123,555-0838,STUDENT,False,sgp-sec-17
std-0839,Noah,Berhanu,noah.berhanu839@example.com,password123,555-0839,STUDENT,False,sgp-sec-17
std-0840,Tigist,Gebre,tigist.gebre840@example.com,password123,555-0840,STUDENT,False,sgp-sec-17
std-0841,Jemal,Tesfaye,jemal.tesfaye841@example.com,password123,555-0841,STUDENT,False,sgp-sec-17
std-0842,Abel,Nigussie,abel.nigussie842@example.com,password123,555-0842,STUDENT,False,sgp-sec-17
std-0843,Dawit,Gebre,dawit.gebre843@example.com,password123,555-0843,STUDENT,False,sgp-sec-17
std-0844,Isaac,Girma,isaac.girma844@example.com,password123,555-0844,STUDENT,False,sgp-sec-17
std-0845,Rahel,Lemma,rahel.lemma845@example.com,password123,555-0845,STUDENT,False,sgp-sec-17
std-0846,Chala,Tadesse,chala.tadesse846@example.com,password123,555-0846,STUDENT,False,sgp-sec-17
std-0847,Lia,Kebede,lia.kebede847@example.com,password123,555-0847,STUDENT,False,sgp-sec-17
std-0848,Biniam,Berhanu,biniam.berhanu848@example.com,password123,555-0848,STUDENT,False,sgp-sec-17
std-0849,Girma,Abebe,girma.abebe849@example.com,password123,555-0849,STUDENT,False,sgp-sec-17
std-0850,Olivia,Berhanu,olivia.berhanu850@example.com,password123,555-0850,STUDENT,False,sgp-sec-17
std-0851,Berhanu,Haile,berhanu.haile851@example.com,password123,555-0851,STUDENT,True,sgp-sec-18
std-0852,Noah,Girma,noah.girma852@example.com,password123,555-0852,STUDENT,True,sgp-sec-18
std-0853,Rahel,Berhanu,rahel.berhanu853@example.com,password123,555-0853,STUDENT,True,sgp-sec-18
std-0854,Isaac,Mekonnen,isaac.mekonnen854@example.com,password123,555-0854,STUDENT,True,sgp-sec-18
std-0855,Girma,Assefa,girma.assefa855@example.com,password123,555-0855,STUDENT,True,sgp-sec-18
std-0856,Lia,Lemma,lia.lemma856@example.com,password123,555-0856,STUDENT,True,sgp-sec-18
std-0857,Yonas,Assefa,yonas.assefa857@example.com,password123,555-0857,STUDENT,True,sgp-sec-18
std-0858,Mekdes,Desta,mekdes.desta858@example.com,password123,555-0858,STUDENT,True,sgp-sec-18
std-0859,Hana,Assefa,hana.assefa859@example.com,password123,555-0859,STUDENT,True,sgp-sec-18
std-0860,Chala,Tesfaye,chala.tesfaye860@example.com,password123,555-0860,STUDENT,True,sgp-sec-18
std-0861,Abeba,Tadesse,abeba.tadesse861@example.com,password123,555-0861,STUDENT,True,sgp-sec-18
std-0862,Biniam,Haile,biniam.haile862@example.com,password123,555-0862,STUDENT,True,sgp-sec-18
std-0863,Firaol,Desta,firaol.desta863@example.com,password123,555-0863,STUDENT,True,sgp-sec-18
std-0864,Berhanu,Wolde,berhanu.wolde864@example.com,password123,555-0864,STUDENT,True,sgp-sec-18
std-0865,Noah,Tesfaye,noah.tesfaye865@example.com,password123,555-0865,STUDENT,True,sgp-sec-18
std-0866,Biniam,Abebe,biniam.abebe866@example.com,password123,555-0866,STUDENT,True,sgp-sec-18
std-0867,Chala,Nigussie,chala.nigussie867@example.com,password123,555-0867,STUDENT,True,sgp-sec-18
std-0868,Elias,Mekonnen,elias.mekonnen868@example.com,password123,555-0868,STUDENT,True,sgp-sec-18
std-0869,Daniel,Desta,daniel.desta869@example.com,password123,555-0869,STUDENT,True,sgp-sec-18
std-0870,Daniel,Wolde,daniel.wolde870@example.com,password123,555-0870,STUDENT,True,sgp-sec-18
std-0871,Dawit,Desta,dawit.desta871@example.com,password123,555-0871,STUDENT,True,sgp-sec-18
std-0872,Zewde,Mekonnen,zewde.mekonnen872@example.com,password123,555-0872,STUDENT,True,sgp-sec-18
std-0873,Paul,Abebe,paul.abebe873@example.com,password123,555-0873,STUDENT,True,sgp-sec-18
std-0874,Dawit,Tadesse,dawit.tadesse874@example.com,password123,555-0874,STUDENT,True,sgp-sec-18
std-0875,Biniam,Nigussie,biniam.nigussie875@example.com,password123,555-0875,STUDENT,True,sgp-sec-18
std-0876,Berhanu,Berhanu,berhanu.berhanu876@example.com,password123,555-0876,STUDENT,True,sgp-sec-18
std-0877,Abeba,Mekonnen,abeba.mekonnen877@example.com,password123,555-0877,STUDENT,True,sgp-sec-18
std-0878,Tigist,Kebede,tigist.kebede878@example.com,password123,555-0878,STUDENT,True,sgp-sec-18
std-0879,Abeba,Lemma,abeba.lemma879@example.com,password123,555-0879,STUDENT,True,sgp-sec-18
std-0880,Mekdes,Mekonnen,mekdes.mekonnen880@example.com,password123,555-0880,STUDENT,True,sgp-sec-18
std-0881,Tigist,Tadesse,tigist.tadesse881@example.com,password123,555-0881,STUDENT,True,sgp-sec-18
std-0882,Chala,Berhanu,chala.berhanu882@example.com,password123,555-0882,STUDENT,True,sgp-sec-18
std-0883,Biniam,Girma,biniam.girma883@example.com,password123,555-0883,STUDENT,True,sgp-sec-18
std-0884,Berhanu,Nigussie,berhanu.nigussie884@example.com,password123,555-0884,STUDENT,True,sgp-sec-18
std-0885,Kaleb,Girma,kaleb.girma885@example.com,password123,555-0885,STUDENT,True,sgp-sec-18
std-0886,Yonas,Assefa,yonas.assefa886@example.com,password123,555-0886,STUDENT,True,sgp-sec-18
std-0887,Daniel,Haile,daniel.haile887@example.com,password123,555-0887,STUDENT,True,sgp-sec-18
std-0888,Chala,Tadesse,chala.tadesse888@example.com,password123,555-0888,STUDENT,True,sgp-sec-18
std-0889,Daniel,Tadesse,daniel.tadesse889@example.com,password123,555-0889,STUDENT,True,sgp-sec-18
std-0890,Berhanu,Mekonnen,berhanu.mekonnen890@example.com,password123,555-0890,STUDENT,True,sgp-sec-18
std-0891,Kaleb,Mekonnen,kaleb.mekonnen891@example.com,password123,555-0891,STUDENT,True,sgp-sec-18
std-0892,Lia,Wolde,lia.wolde892@example.com,password123,555-0892,STUDENT,True,sgp-sec-18
std-0893,Olivia,Nigussie,olivia.nigussie893@example.com,password123,555-0893,STUDENT,True,sgp-sec-18
std-0894,Yonas,Haile,yonas.haile894@example.com,password123,555-0894,STUDENT,True,sgp-sec-18
std-0895,Samuel,Kebede,samuel.kebede895@example.com,password123,555-0895,STUDENT,True,sgp-sec-18
std-0896,Noah,Nigussie,noah.nigussie896@example.com,password123,555-0896,STUDENT,True,sgp-sec-18
std-0897,Hana,Desta,hana.desta897@example.com,password123,555-0897,STUDENT,True,sgp-sec-18
std-0898,Yonas,Gebre,yonas.gebre898@example.com,password123,555-0898,STUDENT,True,sgp-sec-18
std-0899,Dawit,Tadesse,dawit.tadesse899@example.com,password123,555-0899,STUDENT,True,sgp-sec-18
std-0900,Mekdes,Berhanu,mekdes.berhanu900@example.com,password123,555-0900,STUDENT,True,sgp-sec-18
std-0901,Zewde,Kebede,zewde.kebede901@example.com,password123,555-0901,STUDENT,False,sgp-sec-19
std-0902,Paul,Haile,paul.haile902@example.com,password123,555-0902,STUDENT,False,sgp-sec-19
std-0903,Paul,Tadesse,paul.tadesse903@example.com,password123,555-0903,STUDENT,False,sgp-sec-19
std-0904,Berhanu,Berhanu,berhanu.berhanu904@example.com,password123,555-0904,STUDENT,False,sgp-sec-19
std-0905,Mekdes,Haile,mekdes.haile905@example.com,password123,555-0905,STUDENT,False,sgp-sec-19
std-0906,Kaleb,Berhanu,kaleb.berhanu906@example.com,password123,555-0906,STUDENT,False,sgp-sec-19
std-0907,Berhanu,Desta,berhanu.desta907@example.com,password123,555-0907,STUDENT,False,sgp-sec-19
std-0908,Paul,Wolde,paul.wolde908@example.com,password123,555-0908,STUDENT,False,sgp-sec-19
std-0909,Chala,Tesfaye,chala.tesfaye909@example.com,password123,555-0909,STUDENT,False,sgp-sec-19
std-0910,Mekdes,Assefa,mekdes.assefa910@example.com,password123,555-0910,STUDENT,False,sgp-sec-19
std-0911,Girma,Tadesse,girma.tadesse911@example.com,password123,555-0911,STUDENT,False,sgp-sec-19
std-0912,Isaac,Girma,isaac.girma912@example.com,password123,555-0912,STUDENT,False,sgp-sec-19
std-0913,Biniam,Tadesse,biniam.tadesse913@example.com,password123,555-0913,STUDENT,False,sgp-sec-19
std-0914,Kaleb,Haile,kaleb.haile914@example.com,password123,555-0914,STUDENT,False,sgp-sec-19
std-0915,Abel,Wolde,abel.wolde915@example.com,password123,555-0915,STUDENT,False,sgp-sec-19
std-0916,Paul,Wolde,paul.wolde916@example.com,password123,555-0916,STUDENT,False,sgp-sec-19
std-0917,Samuel,Assefa,samuel.assefa917@example.com,password123,555-0917,STUDENT,False,sgp-sec-19
std-0918,Abel,Nigussie,abel.nigussie918@example.com,password123,555-0918,STUDENT,False,sgp-sec-19
std-0919,Elias,Haile,elias.haile919@example.com,password123,555-0919,STUDENT,False,sgp-sec-19
std-0920,Olivia,Tesfaye,olivia.tesfaye920@example.com,password123,555-0920,STUDENT,False,sgp-sec-19
std-0921,Jemal,Lemma,jemal.lemma921@example.com,password123,555-0921,STUDENT,False,sgp-sec-19
std-0922,Chala,Nigussie,chala.nigussie922@example.com,password123,555-0922,STUDENT,False,sgp-sec-19
std-0923,Elias,Mekonnen,elias.mekonnen923@example.com,password123,555-0923,STUDENT,False,sgp-sec-19
std-0924,Elias,Bekele,elias.bekele924@example.com,password123,555-0924,STUDENT,False,sgp-sec-19
std-0925,Olivia,Desta,olivia.desta925@example.com,password123,555-0925,STUDENT,False,sgp-sec-19
std-0926,Noah,Assefa,noah.assefa926@example.com,password123,555-0926,STUDENT,False,sgp-sec-19
std-0927,Abel,Girma,abel.girma927@example.com,password123,555-0927,STUDENT,False,sgp-sec-19
std-0928,Abel,Nigussie,abel.nigussie928@example.com,password123,555-0928,STUDENT,False,sgp-sec-19
std-0929,Abel,Assefa,abel.assefa929@example.com,password123,555-0929,STUDENT,False,sgp-sec-19
std-0930,Isaac,Assefa,isaac.assefa930@example.com,password123,555-0930,STUDENT,False,sgp-sec-19
std-0931,Tigist,Mekonnen,tigist.mekonnen931@example.com,password123,555-0931,STUDENT,False,sgp-sec-19
std-0932,Noah,Mekonnen,noah.mekonnen932@example.com,password123,555-0932,STUDENT,False,sgp-sec-19
std-0933,Paul,Tadesse,paul.tadesse933@example.com,password123,555-0933,STUDENT,False,sgp-sec-19
std-0934,Elias,Tesfaye,elias.tesfaye934@example.com,password123,555-0934,STUDENT,False,sgp-sec-19
std-0935,Olivia,Wolde,olivia.wolde935@example.com,password123,555-0935,STUDENT,False,sgp-sec-19
std-0936,Chala,Lemma,chala.lemma936@example.com,password123,555-0936,STUDENT,False,sgp-sec-19
std-0937,Chala,Assefa,chala.assefa937@example.com,password123,555-0937,STUDENT,False,sgp-sec-19
std-0938,Daniel,Haile,daniel.haile938@example.com,password123,555-0938,STUDENT,False,sgp-sec-19
std-0939,Eden,Wolde,eden.wolde939@example.com,password123,555-0939,STUDENT,False,sgp-sec-19
std-0940,Yonas,Kebede,yonas.kebede940@example.com,password123,555-0940,STUDENT,False,sgp-sec-19
std-0941,Firaol,Berhanu,firaol.berhanu941@example.com,password123,555-0941,STUDENT,False,sgp-sec-19
std-0942,Hana,Wolde,hana.wolde942@example.com,password123,555-0942,STUDENT,False,sgp-sec-19
std-0943,Elias,Assefa,elias.assefa943@example.com,password123,555-0943,STUDENT,False,sgp-sec-19
std-0944,Chala,Assefa,chala.assefa944@example.com,password123,555-0944,STUDENT,False,sgp-sec-19
std-0945,Olivia,Tesfaye,olivia.tesfaye945@example.com,password123,555-0945,STUDENT,False,sgp-sec-19
std-0946,Biniam,Wolde,biniam.wolde946@example.com,password123,555-0946,STUDENT,False,sgp-sec-19
std-0947,Girma,Kebede,girma.kebede947@example.com,password123,555-0947,STUDENT,False,sgp-sec-19
std-0948,Paul,Lemma,paul.lemma948@example.com,password123,555-0948,STUDENT,False,sgp-sec-19
std-0949,Berhanu,Assefa,berhanu.assefa949@example.com,password123,555-0949,STUDENT,False,sgp-sec-19
std-0950,Isaac,Haile,isaac.haile950@example.com,password123,555-0950,STUDENT,False,sgp-sec-19
